,3869,3875,4924,4923,4214,4216,4217,3874,3881,3880,3870,3871,4213,3872,3873,3878,3877,3876
2021-11-16,2.0,2.0,2.25,4.5,1.75,2.0,0.01,2.0,0.01,0.01,2.5,0.01,0.01,0.01,2.0,0.01,0.01,0.01
2021-11-17,2.0,2.0,0.01,5.0,1.75,3.75,0.01,2.0,0.01,0.01,5.25,0.01,2.25,0.01,0.01,0.01,0.01,0.01
2021-11-18,4.0,0.01,3.5,4.75,0.01,3.5,1.75,4.0,1.75,1.75,5.25,2.0,0.01,0.01,2.0,0.01,2.25,4.0
2021-11-19,6.25,2.25,4.5,18.25,3.5,5.25,0.01,4.0,0.01,0.01,8.0,6.25,4.25,4.25,4.0,0.01,0.01,2.25
2021-11-20,4.0,2.0,9.75,12.0,3.5,3.5,1.75,0.01,1.75,1.75,10.0,8.0,6.0,6.0,2.0,2.0,2.0,2.0
2021-11-21,8.25,4.0,15.5,24.0,1.75,2.0,2.0,6.0,6.75,0.01,10.25,6.5,6.5,4.25,4.25,2.0,2.5,4.0
2021-11-22,6.75,4.0,7.5,10.25,2.25,4.0,5.75,8.5,5.25,1.75,5.25,6.25,4.0,4.0,2.25,4.25,8.25,8.25
2021-11-23,10.75,6.0,14.0,15.75,3.25,3.0,9.0,8.0,6.25,5.25,13.25,8.5,6.5,8.75,6.5,6.0,6.0,6.0
2021-11-24,2.25,0.01,3.0,6.5,5.25,3.5,1.75,0.01,0.01,0.01,5.25,4.25,4.0,2.0,4.0,0.01,0.01,0.01
2021-11-25,2.0,0.01,0.01,2.25,0.01,0.01,0.01,0.01,0.01,0.01,0.01,0.01,0.01,0.01,0.01,0.01,0.01,0.01
2021-11-26,2.0,0.01,0.01,3.0,0.01,0.01,2.0,0.01,0.01,0.01,2.5,0.01,0.01,2.0,0.01,0.01,0.01,0.01
2021-11-27,10.5,4.0,14.25,14.25,5.25,8.75,5.25,6.0,3.5,1.75,17.75,4.75,8.0,6.5,6.25,4.25,0.01,8.25
2021-11-28,10.0,6.5,11.75,31.5,1.75,1.75,1.75,4.0,3.5,0.01,15.25,12.0,8.0,8.5,6.5,0.01,2.25,6.25
2021-11-29,8.25,0.01,3.0,4.5,5.75,4.0,4.0,2.0,5.75,2.25,2.5,4.25,2.0,2.0,0.01,2.0,4.0,4.0
2021-11-30,6.25,4.0,7.0,13.75,3.75,4.75,5.25,4.25,5.5,2.0,7.75,8.5,8.5,4.25,4.25,2.0,2.0,4.0
2021-12-01,4.0,0.01,15.75,14.75,0.01,0.01,0.01,0.01,0.01,0.01,7.5,4.0,0.01,2.25,2.25,0.01,0.01,0.01
2021-12-02,4.0,2.25,4.75,8.5,0.01,1.75,1.75,4.25,0.01,0.01,0.01,2.0,2.0,2.0,2.25,0.01,0.01,2.25
2021-12-03,2.0,4.0,7.0,7.0,0.01,5.25,0.01,4.0,1.75,1.75,7.5,6.0,0.01,2.0,0.01,0.01,0.01,4.0
2021-12-04,8.25,4.0,15.5,19.5,0.01,0.01,1.75,6.25,1.75,1.75,10.0,8.0,8.5,6.5,5.15,2.0,4.0,4.0
2021-12-05,10.25,2.0,14.0,17.0,7.0,4.5,3.5,4.25,3.5,3.5,7.75,10.25,6.5,6.25,8.25,2.0,2.0,2.0
2021-12-06,4.0,2.0,3.25,7.25,4.25,5.75,3.5,4.0,1.75,1.75,5.0,4.0,2.0,2.0,0.01,0.01,2.0,4.0
2021-12-07,4.0,0.01,4.75,9.75,3.5,3.75,5.5,2.0,0.01,0.01,5.0,4.25,4.0,2.0,4.0,2.0,4.0,2.0
2021-12-08,8.25,2.0,10.0,17.75,0.01,1.75,1.75,0.01,0.01,0.01,10.25,6.0,4.0,2.0,4.0,4.25,4.25,2.0
2021-12-09,4.0,2.0,5.0,6.0,2.0,5.5,2.0,2.0,0.01,0.01,2.5,2.0,2.0,0.01,0.01,0.01,2.0,2.0
2021-12-10,2.0,0.01,5.75,9.75,0.01,0.01,0.01,0.01,0.01,0.01,7.75,4.0,0.01,0.01,0.01,0.01,0.01,0.01
2021-12-11,12.25,10.5,16.0,24.5,7.0,7.0,5.25,6.5,7.0,5.25,15.25,6.25,6.25,8.0,6.5,8.5,8.5,8.5
2021-12-12,13.0,6.25,14.5,23.75,3.75,8.25,4.25,6.5,1.75,0.01,13.0,6.5,8.25,6.25,4.0,0.01,0.01,2.0
2021-12-13,4.25,4.0,4.75,17.0,0.01,0.01,5.25,0.01,5.25,0.01,5.25,4.25,0.01,0.01,2.0,4.0,4.0,4.0
2021-12-14,8.0,2.0,3.25,11.75,9.25,7.5,7.25,6.0,3.5,2.0,11.75,8.0,8.25,6.25,6.25,4.25,4.25,4.25
2021-12-15,4.0,2.0,7.25,7.75,3.75,1.75,0.01,0.01,0.01,0.01,7.5,2.0,0.01,4.0,0.01,0.01,0.01,0.01
2021-12-16,0.01,2.0,2.5,3.25,0.01,1.75,1.75,2.0,1.75,1.75,5.0,0.01,2.0,0.01,0.01,0.01,0.01,2.0
2021-12-17,6.0,8.25,14.75,18.5,1.75,5.5,1.75,6.25,3.5,0.01,2.5,4.0,4.0,2.0,2.0,4.0,4.0,6.25
2021-12-18,10.25,4.25,13.75,15.25,9.5,9.25,7.0,6.25,3.5,2.25,2.75,8.25,10.25,8.25,8.25,6.25,4.25,4.25
2021-12-19,8.0,4.0,8.5,24.0,8.75,5.25,7.0,6.0,5.25,3.75,15.0,12.25,8.25,8.25,6.25,4.0,4.0,2.0
2021-12-20,4.25,2.25,4.75,7.0,0.01,1.75,2.5,2.25,6.5,0.01,0.01,4.0,2.0,6.25,4.25,4.25,4.25,2.25
2021-12-21,0.01,0.01,0.01,0.01,0.01,0.01,0.01,0.01,0.01,0.01,0.01,0.01,0.01,0.01,0.01,0.01,0.01,0.01
2021-12-22,10.0,2.0,6.75,12.25,1.75,4.0,1.75,0.01,1.75,4.5,10.0,2.0,4.0,2.0,4.0,4.0,4.0,2.0
2021-12-23,8.25,4.0,4.5,18.25,1.75,1.75,3.5,4.0,5.5,3.5,0.01,6.0,8.0,2.0,4.0,2.0,2.0,4.0
2021-12-24,4.25,0.01,5.0,10.75,0.01,0.01,1.75,6.75,0.01,0.01,2.75,6.5,6.5,4.5,4.5,2.0,2.25,2.25
2021-12-25,0.01,0.01,3.75,11.5,0.01,0.01,0.01,2.0,1.75,0.01,5.0,6.0,4.0,4.0,4.0,4.0,4.0,2.0
2021-12-26,8.25,2.0,13.25,16.0,3.5,3.5,5.25,2.0,1.75,3.5,8.0,8.25,6.25,4.0,2.0,2.0,4.0,4.0
2021-12-27,8.0,4.0,3.0,7.75,5.5,4.0,5.25,2.0,3.5,1.75,2.5,4.0,2.0,2.0,2.0,0.01,4.0,2.0
2021-12-28,8.25,2.0,6.5,16.25,1.75,3.5,0.01,2.0,0.01,0.01,7.75,0.01,4.0,2.0,4.0,0.01,0.01,0.01
2021-12-29,4.25,2.0,0.01,10.25,5.25,1.75,3.5,4.0,0.01,0.01,0.01,4.25,4.0,0.01,0.01,0.01,2.0,2.0
2021-12-30,6.5,4.0,5.75,13.25,1.75,7.0,3.5,6.0,1.75,0.01,5.25,2.0,2.0,4.0,2.25,0.01,2.0,6.0
2021-12-31,10.0,4.0,10.5,13.25,1.75,6.0,4.0,6.25,4.25,0.01,5.25,4.0,6.25,4.25,5.75,0.01,4.0,2.0
2022-01-01,0.01,0.01,0.5,0.25,0.01,0.01,0.01,0.01,0.01,0.01,0.01,0.01,0.01,0.01,0.01,0.01,0.01,0.01
2022-01-02,4.25,4.0,2.25,6.0,4.0,7.5,5.25,4.0,1.75,0.01,7.5,2.25,2.0,2.0,2.0,0.01,4.0,0.01
2022-01-03,8.25,2.0,14.25,13.75,2.0,3.75,5.5,4.0,1.75,0.01,5.0,6.0,6.0,4.0,2.0,0.01,0.01,2.0
2022-01-04,4.0,4.25,5.75,9.5,0.01,3.5,0.01,2.25,0.01,0.01,8.0,6.25,0.01,2.0,4.25,0.01,4.25,0.01
2022-01-05,4.25,2.0,2.5,4.75,1.75,3.5,2.0,2.0,5.5,3.75,2.75,2.0,4.0,4.0,4.0,2.5,2.0,0.01
2022-01-06,2.25,0.01,4.5,1.0,0.01,1.75,0.01,2.25,0.01,0.01,2.75,2.25,0.01,2.0,4.25,0.01,2.25,0.01
2022-01-07,8.0,8.5,14.75,17.75,4.0,5.75,5.0,8.5,4.25,6.5,18.25,8.5,10.5,10.5,8.5,6.0,6.25,2.25
2022-01-08,6.0,4.25,7.0,10.25,5.25,7.25,7.0,4.25,5.25,5.5,10.0,4.25,6.25,4.25,4.25,2.0,2.0,4.25
2022-01-09,6.25,0.01,11.25,8.0,5.25,0.01,0.01,0.01,0.01,0.01,5.0,4.5,4.5,2.25,4.25,0.01,0.01,0.01
2022-01-10,8.0,6.0,9.75,15.75,0.01,4.25,5.25,2.0,3.5,0.01,12.5,4.0,8.0,10.0,4.0,2.0,2.0,2.0
2022-01-11,6.25,2.0,11.0,16.0,0.01,0.01,0.01,2.25,0.01,0.01,5.25,6.0,6.25,8.25,4.25,4.25,2.25,2.25
2022-01-12,2.0,0.5,13.75,0.01,3.75,3.75,4.0,2.0,3.75,3.75,5.0,4.0,4.0,4.0,2.0,2.0,2.0,2.0
2022-01-13,6.25,0.01,17.75,0.01,1.75,0.01,5.25,2.0,0.01,0.01,5.25,8.25,8.25,2.25,2.25,0.01,0.01,0.01
2022-01-14,8.25,4.0,16.75,19.25,2.25,4.5,3.5,4.0,1.75,0.01,12.5,8.25,6.25,6.0,6.0,0.01,2.0,2.0
2022-01-15,10.0,2.0,4.75,7.0,7.75,3.5,5.25,2.25,3.75,0.01,7.5,4.0,4.0,2.0,2.0,2.25,2.25,2.25
2022-01-16,10.5,2.0,8.75,20.75,1.75,1.75,0.01,2.0,0.01,0.01,2.5,6.25,8.5,4.25,4.0,0.01,0.01,0.01
2022-01-17,4.25,2.0,3.25,11.0,3.75,4.0,1.75,2.0,3.5,3.0,5.0,4.0,10.0,3.5,2.0,2.0,2.0,2.0
2022-01-18,6.0,0.01,2.25,4.5,5.25,7.25,5.25,4.0,3.75,7.0,5.25,4.0,4.25,6.25,6.0,4.0,6.25,4.25
2022-01-19,10.25,0.01,8.0,12.5,1.75,0.01,0.01,0.01,0.01,0.01,10.75,2.0,6.25,2.0,2.25,0.01,0.01,0.01
2022-01-20,8.25,2.0,4.75,12.5,1.75,0.01,1.75,4.25,1.75,0.01,7.75,2.25,2.0,2.0,2.0,2.25,2.25,0.01
2022-01-21,2.0,6.5,13.75,13.0,0.01,3.75,0.01,6.5,0.01,0.01,5.0,6.25,4.25,6.25,6.5,2.25,2.25,2.25
2022-01-22,10.5,6.25,11.75,11.75,1.75,3.5,3.48,4.0,3.75,3.5,5.25,2.0,4.0,4.0,8.0,2.0,2.0,4.0
2022-01-23,6.5,2.25,12.75,25.25,1.75,3.5,0.01,2.25,1.75,0.01,7.5,0.01,8.25,6.25,4.0,0.01,4.25,2.25
2022-01-24,4.25,0.01,5.5,9.0,3.5,3.5,3.75,6.0,0.01,0.01,7.75,4.25,6.25,2.0,4.25,0.01,2.0,2.0
2022-01-25,6.0,2.25,2.25,6.75,1.75,0.01,2.25,2.25,1.75,0.01,5.5,2.25,2.25,0.01,2.0,2.25,2.25,4.25
2022-01-26,0.01,0.01,0.01,2.5,0.01,0.01,0.01,0.01,0.01,0.01,0.01,0.01,0.01,0.01,2.25,0.01,0.01,0.01
2022-01-27,4.0,2.0,2.75,7.25,0.01,1.75,3.5,2.0,0.01,1.75,2.75,4.0,0.01,2.0,2.0,2.0,0.01,0.01
2022-01-28,6.25,6.25,17.25,25.5,1.75,6.53,5.25,4.25,3.5,3.5,15.25,12.25,12.25,12.25,8.25,4.25,4.25,6.25
2022-01-29,4.0,0.01,6.75,5.75,0.01,0.01,0.01,0.01,0.01,0.01,0.01,4.0,2.25,2.25,2.25,2.25,2.25,2.25
2022-01-30,10.25,6.0,12.25,18.75,9.75,7.5,7.5,6.0,5.75,1.75,10.0,6.0,6.25,6.25,6.25,6.0,6.0,6.0
2022-01-31,0.25,4.0,0.01,2.75,2.0,4.25,3.75,4.0,0.01,0.01,0.01,2.0,0.01,0.01,0.01,0.01,0.01,2.0
2022-02-01,8.0,0.01,7.5,7.25,1.75,3.75,0.01,4.0,1.75,1.75,5.0,4.25,4.25,4.25,2.0,0.01,4.0,4.0
2022-02-02,0.01,0.01,0.01,3.5,0.01,0.01,0.01,0.01,1.75,0.01,0.01,0.01,2.25,2.25,2.25,1.5,2.0,0.01
2022-02-03,4.25,0.01,0.01,4.5,0.01,2.0,3.5,4.25,4.25,3.5,0.01,2.0,2.0,2.0,4.25,2.25,2.0,4.25
2022-02-04,4.0,4.25,7.5,14.25,0.01,3.5,1.75,4.25,1.75,0.01,10.0,4.0,6.0,4.0,4.25,2.0,2.25,2.25
2022-02-05,6.5,4.25,9.5,13.25,3.75,5.25,5.25,6.5,3.5,1.75,5.25,6.5,8.5,4.25,8.5,4.25,2.0,4.0
2022-02-06,8.25,4.0,10.25,23.5,4.0,3.5,3.5,4.0,1.75,0.01,12.5,2.25,6.25,6.25,4.25,0.01,4.0,4.0
2022-02-07,6.0,4.0,7.0,7.0,0.01,4.75,7.75,6.0,0.01,0.01,10.0,4.0,6.0,2.0,0.01,0.01,2.0,2.0
2022-02-08,4.0,6.5,12.25,15.25,5.25,5.25,5.5,4.0,4.0,4.0,7.5,8.0,8.0,6.25,4.25,2.25,6.5,6.25
2022-02-09,6.0,2.0,8.5,5.0,0.01,1.75,1.75,2.0,0.01,0.01,2.5,2.0,4.0,4.0,2.0,2.0,0.01,2.0
2022-02-10,6.5,4.25,13.25,15.75,1.75,1.75,3.5,4.0,0.01,0.01,10.5,4.25,2.25,4.25,2.0,4.0,4.0,4.25
2022-02-11,10.0,4.25,14.0,25.75,7.25,3.5,1.75,4.25,3.75,0.01,15.0,8.0,6.0,8.25,8.25,2.0,6.25,4.25
2022-02-12,6.25,2.0,0.01,4.75,4.0,5.25,2.25,2.0,3.75,2.0,5.0,2.0,4.0,2.0,2.0,0.01,0.01,0.01
2022-02-13,12.0,6.25,16.0,23.0,5.75,7.25,8.75,8.0,5.25,3.5,10.25,4.0,6.25,8.25,8.25,8.5,6.5,8.5
2022-02-14,2.0,2.0,0.01,14.75,2.0,2.25,3.75,6.0,5.5,0.01,2.5,2.0,2.0,2.0,2.0,0.01,2.0,4.0
2022-02-15,4.0,2.25,13.0,16.25,3.5,3.5,2.0,2.0,4.0,1.75,7.75,4.25,2.25,4.0,2.25,4.25,4.5,4.25
2022-02-16,0.01,0.01,0.01,0.01,0.01,0.01,0.01,2.0,0.01,0.01,0.01,0.01,0.01,0.01,0.01,0.01,0.01,0.01
2022-02-17,8.5,0.01,5.0,11.0,1.75,3.75,1.75,0.01,1.75,3.5,7.5,4.25,4.25,4.25,4.25,2.0,2.0,4.0
2022-02-18,10.25,0.01,6.75,21.0,0.01,3.75,3.75,2.0,3.5,1.75,10.0,6.0,8.0,4.0,5.5,2.0,2.25,2.0
2022-02-19,8.5,8.0,4.75,15.25,1.75,7.25,7.0,8.5,1.75,1.75,2.5,6.25,6.5,6.0,6.25,4.25,4.25,6.5
2022-02-20,10.25,2.0,18.25,17.0,3.5,7.0,7.0,4.0,8.5,4.45,17.75,6.25,10.0,6.0,6.0,4.0,4.0,4.0
2022-02-21,8.25,2.5,15.5,19.25,3.5,4.25,3.75,2.25,3.5,1.75,13.0,8.0,6.0,2.0,2.0,4.0,4.0,6.25
2022-02-22,4.0,4.0,4.5,15.75,0.01,0.01,1.75,4.0,3.5,0.01,5.0,0.01,0.01,4.25,4.25,2.25,2.25,4.25
2022-02-23,4.0,0.01,0.01,2.25,0.01,0.01,0.01,0.01,0.01,0.01,0.01,0.01,0.01,0.01,0.01,0.01,0.01,0.01
2022-02-24,8.25,2.0,10.0,18.24,0.01,3.5,1.75,0.01,1.75,1.75,10.5,6.0,4.25,2.0,2.0,2.0,2.0,2.0
2022-02-25,6.0,0.01,7.25,15.25,3.5,0.01,3.5,2.0,3.5,1.75,7.5,4.0,8.0,8.0,6.0,4.0,4.0,2.0
2022-02-26,0.01,2.0,0.01,0.01,0.01,1.75,1.75,0.01,3.5,1.75,2.5,2.0,0.01,0.01,0.01,0.01,2.0,2.0
2022-02-27,8.5,6.25,5.0,17.5,7.0,7.0,3.5,8.25,7.0,8.75,10.25,6.25,4.0,8.25,6.25,4.0,6.0,4.25
2022-02-28,4.25,0.01,5.25,8.0,3.0,0.01,0.01,0.01,0.01,0.01,5.0,2.25,2.0,2.0,0.01,0.01,0.01,0.01
2022-03-01,10.25,8.25,13.25,16.5,0.01,0.01,1.75,4.25,3.5,1.75,8.0,4.0,6.0,2.0,0.01,2.0,4.25,6.5
2022-03-02,8.0,2.0,10.0,11.25,3.5,5.25,5.75,2.0,3.5,1.75,5.0,8.0,8.25,4.25,0.01,2.0,4.0,0.01
2022-03-03,8.5,4.5,14.0,8.25,1.75,0.01,8.0,4.5,2.75,0.01,5.25,8.5,4.25,4.25,2.0,2.25,4.5,4.5
2022-03-04,6.0,2.0,12.25,15.25,0.01,0.01,1.75,0.01,0.01,0.01,15.0,6.0,6.0,6.0,4.0,0.01,0.01,0.01
2022-03-05,4.0,2.0,13.75,11.75,5.25,3.5,3.5,4.0,1.75,1.75,2.5,6.0,6.0,8.25,8.25,6.0,8.0,6.0
2022-03-06,6.25,4.5,8.5,19.75,4.0,4.0,5.75,4.25,3.5,0.01,10.25,4.25,8.5,4.25,2.25,4.0,4.25,4.5
2022-03-07,4.0,6.0,2.25,17.25,0.01,0.01,0.01,6.0,1.75,0.01,8.0,4.0,2.25,0.01,0.01,2.0,2.0,6.0
2022-03-08,8.25,4.0,5.0,9.25,1.75,1.75,1.75,4.0,3.5,0.01,7.75,2.0,4.0,0.01,4.0,4.25,2.0,0.01
2022-03-09,8.0,4.0,11.75,13.0,1.75,7.0,1.75,2.0,7.0,1.75,5.0,6.0,4.0,2.0,0.01,2.0,8.0,4.0
2022-03-10,10.25,0.01,7.5,10.0,0.01,0.01,0.01,4.5,1.75,0.01,2.75,8.0,2.0,2.25,2.25,2.0,2.0,0.01
2022-03-11,4.0,0.01,9.0,12.0,1.75,0.01,0.01,4.0,0.01,0.01,7.75,6.0,6.0,4.0,4.0,0.01,2.0,2.0
2022-03-12,6.0,0.01,4.75,12.0,0.01,0.01,1.75,2.0,0.01,0.01,5.25,2.0,4.5,4.25,2.25,0.01,2.25,2.25
2022-03-13,8.5,10.25,17.75,22.5,7.75,12.0,11.25,10.5,9.75,11.75,15.0,6.25,8.25,10.75,12.5,6.0,10.5,14.5
2022-03-14,4.0,2.0,4.75,7.25,1.75,3.5,1.75,2.0,1.75,1.75,5.0,2.0,2.0,2.0,2.0,2.0,2.0,3.5
2022-03-15,2.0,0.01,3.0,4.5,2.0,2.0,0.01,0.01,0.01,0.01,2.5,0.01,2.0,2.0,0.01,0.01,0.01,0.01
2022-03-16,6.0,4.0,5.75,12.75,3.5,5.25,1.75,4.0,7.0,3.5,10.0,4.0,2.0,2.0,4.0,8.0,2.0,2.0
2022-03-17,6.5,4.0,12.25,9.75,0.01,0.01,0.01,2.25,0.01,1.0,2.75,4.5,4.5,4.25,0.01,4.0,2.0,0.01
2022-03-18,6.0,0.01,15.5,9.5,0.01,1.75,1.75,4.0,0.01,6.25,7.5,6.0,8.0,6.0,6.0,4.0,0.01,0.01
2022-03-19,6.25,2.25,8.25,11.5,0.01,4.75,3.5,2.25,1.75,1.75,12.5,2.25,4.25,4.25,6.5,2.25,0.01,2.25
2022-03-20,10.0,6.5,7.75,26.0,7.0,9.25,9.25,4.0,5.25,9.0,12.5,8.0,10.25,4.25,4.25,6.0,8.0,6.5
2022-03-21,6.25,2.0,8.0,13.5,0.01,3.5,3.75,4.0,3.5,1.75,5.0,4.0,4.0,2.25,0.01,4.0,4.0,6.25
2022-03-22,4.0,2.0,0.01,8.5,1.75,1.75,0.01,2.0,0.01,0.01,5.0,4.25,0.01,2.0,2.25,0.01,0.01,2.0
2022-03-23,4.0,0.01,2.5,9.5,0.01,5.25,1.75,0.01,0.01,0.01,2.5,4.0,4.0,0.01,2.0,4.25,4.25,2.25
2022-03-24,6.0,6.0,4.5,14.0,3.5,6.5,1.75,2.0,3.5,1.75,12.75,2.25,4.25,2.25,4.25,0.01,2.0,2.0
2022-03-25,6.0,0.01,18.25,22.75,0.01,1.75,1.75,6.0,0.01,0.01,17.75,8.0,10.0,8.0,6.0,0.01,0.01,0.01
2022-03-26,8.0,2.0,7.5,11.75,2.25,7.25,9.0,6.25,1.75,0.01,15.25,8.25,4.5,4.25,4.25,0.01,2.25,2.0
2022-03-27,15.0,6.5,16.5,26.25,8.75,8.75,7.0,8.5,7.0,4.0,18.25,12.5,8.5,12.75,10.75,8.25,10.25,8.25
2022-03-28,4.0,2.0,5.0,5.25,0.01,0.01,3.5,2.0,1.75,0.01,2.5,2.0,0.01,2.0,2.0,4.0,4.0,0.01
2022-03-29,6.0,2.0,2.25,7.75,2.75,4.5,1.75,2.0,0.01,0.01,2.5,2.0,2.0,2.0,2.0,0.01,2.0,2.0
2022-03-30,10.0,4.0,2.25,11.5,1.75,1.75,5.25,4.25,5.25,5.25,10.0,2.0,2.0,2.0,4.25,6.25,6.25,2.25
2022-03-31,4.25,4.25,10.25,13.25,1.75,4.25,2.25,2.0,2.25,0.01,2.75,2.25,2.25,2.0,6.25,4.25,4.0,8.25
2022-04-01,6.0,0.01,14.75,18.25,1.75,0.01,0.75,0.01,0.01,0.01,10.0,8.0,10.0,6.0,6.0,0.01,2.0,0.01
2022-04-02,4.25,3.25,10.5,17.25,7.0,3.5,5.25,2.0,1.75,1.75,8.0,2.25,8.75,10.75,8.25,4.25,6.5,6.5
2022-04-03,4.0,4.25,15.0,11.0,3.75,3.75,7.0,4.25,1.75,0.01,7.5,6.25,2.0,2.0,4.0,2.0,2.0,2.0
2022-04-04,6.25,4.0,9.25,14.75,5.25,7.0,3.5,4.0,1.75,0.01,5.0,6.25,4.25,2.0,0.01,8.25,4.0,4.0
2022-04-05,8.0,0.01,4.5,14.25,0.01,0.01,0.01,0.01,0.01,0.01,5.0,4.0,6.0,4.0,0.01,0.01,4.0,4.0
2022-04-06,2.0,2.0,2.5,2.75,0.01,1.75,4.75,2.0,0.01,0.01,2.5,4.0,2.0,0.01,0.01,2.0,2.0,0.01
2022-04-07,6.0,0.01,2.5,13.25,0.01,0.01,1.75,2.0,1.75,0.01,7.5,4.0,2.0,0.01,0.01,0.01,4.0,2.0
2022-04-08,8.0,2.0,12.75,19.75,5.5,3.5,5.5,6.0,3.75,3.5,11.75,8.0,12.25,8.0,0.01,6.0,4.0,4.0
2022-04-09,4.25,4.5,12.75,20.25,0.01,1.75,1.75,4.25,0.01,0.01,10.5,6.0,8.75,8.5,0.01,2.25,4.25,4.0
2022-04-10,4.0,2.0,5.0,12.0,3.5,0.01,1.75,6.25,7.0,5.25,2.5,2.0,4.0,0.01,2.0,6.0,6.0,4.0
2022-04-11,10.0,2.0,9.5,12.5,3.5,1.75,3.5,2.0,1.75,3.5,10.0,6.0,2.0,2.0,5.25,2.0,2.0,0.01
2022-04-12,12.25,10.0,19.25,18.25,9.0,5.25,9.0,6.0,11.25,5.5,10.25,12.25,8.0,10.0,6.0,4.0,8.0,8.0
2022-04-13,4.2,2.0,8.0,6.75,3.5,1.75,0.01,4.0,3.5,0.01,7.75,6.25,1.25,0.01,0.5,0.01,0.01,0.01
2022-04-14,2.0,2.0,2.25,5.0,3.5,1.75,1.75,2.0,1.75,1.75,2.75,2.0,4.0,2.0,4.0,2.0,2.0,2.0
2022-04-15,2.0,0.01,9.25,22.0,7.25,3.5,0.01,6.5,0.01,0.01,10.0,6.0,6.0,4.0,8.25,2.0,4.25,4.25
2022-04-16,0.01,0.01,0.01,0.01,0.01,0.01,0.01,0.01,0.01,0.01,0.01,0.01,0.01,0.01,0.01,0.01,0.01,0.01
2022-04-17,6.5,2.0,16.75,24.75,4.0,1.75,1.75,6.5,7.0,7.25,5.25,6.25,8.0,8.0,8.25,6.25,6.25,6.0
2022-04-18,8.5,8.25,6.0,15.0,7.75,5.25,4.0,8.25,1.75,1.75,7.75,4.0,2.0,4.0,6.25,2.25,2.25,6.25
2022-04-19,2.0,0.01,4.5,9.25,5.25,1.75,0.01,2.0,0.01,0.01,5.0,4.25,4.0,4.0,4.0,0.01,0.01,2.25
2022-04-20,2.0,2.0,2.25,4.75,1.75,1.75,1.75,0.01,1.75,1.75,2.75,2.0,2.0,0.01,0.01,2.0,2.0,2.0
2022-04-21,8.0,0.01,7.5,11.5,0.01,0.01,0.01,0.01,1.75,3.5,7.5,6.0,4.25,4.0,4.0,2.0,2.0,0.01
2022-04-22,8.0,8.25,18.5,35.25,10.75,5.75,7.75,10.0,12.25,7.0,13.5,12.5,16.5,12.5,12.5,6.25,8.0,8.25
2022-04-23,4.0,0.01,7.25,15.25,0.01,0.01,0.01,4.25,0.01,0.01,8.0,6.5,6.5,4.5,4.25,0.01,0.01,0.01
2022-04-24,8.0,8.25,9.0,21.75,3.5,1.75,9.0,8.5,7.0,7.0,7.5,4.25,6.25,6.5,4.25,6.0,10.5,8.75
2022-04-25,4.0,6.0,7.25,9.25,5.5,3.75,3.75,4.0,1.75,1.75,5.0,4.0,4.0,4.0,2.0,4.0,4.0,4.0
2022-04-26,6.5,4.25,10.5,13.75,0.01,3.5,3.5,4.0,0.01,0.01,7.5,2.0,4.25,6.25,8.5,0.01,2.0,4.25
2022-04-27,4.0,2.25,9.25,13.25,3.75,2.25,0.01,2.25,0.01,0.01,10.0,4.0,4.0,2.0,4.0,0.01,0.01,2.25
2022-04-28,0.01,0.01,2.25,4.5,1.75,0.01,1.75,0.01,0.01,0.01,7.5,2.0,2.0,0.01,0.01,2.0,4.0,2.0
2022-04-29,0.01,2.0,10.25,23.25,3.5,2.25,4.0,2.0,3.5,5.25,18.0,11.75,10.0,10.0,10.0,2.0,2.0,4.0
2022-04-30,6.25,4.0,20.75,28.5,5.0,4.0,9.75,6.0,6.0,1.0,15.25,8.25,10.25,12.25,8.0,2.0,4.0,6.0
2022-05-01,12.25,6.25,7.75,20.25,9.25,5.5,11.75,8.5,9.5,3.75,12.75,8.25,6.5,6.25,4.25,4.0,6.0,8.5
2022-05-02,4.0,4.0,6.75,7.75,0.01,2.0,0.01,4.0,3.5,3.5,7.5,4.0,4.0,4.0,2.0,2.0,4.0,4.0
2022-05-03,6.25,2.0,7.5,11.5,1.75,3.5,1.75,0.01,3.5,1.75,8.0,4.0,6.25,6.25,6.25,2.25,0.01,2.0
2022-05-04,0.01,2.0,5.25,3.25,3.5,5.5,1.75,0.01,0.01,0.01,7.5,4.0,2.0,2.0,2.0,0.01,0.01,0.01
2022-05-05,2.0,0.01,7.25,22.0,0.01,0.01,0.01,2.0,0.01,0.01,10.25,4.25,6.0,6.0,4.0,2.0,0.01,4.0
2022-05-06,4.0,0.01,2.75,2.25,1.75,1.75,0.01,0.01,0.01,0.01,2.5,0.01,2.0,2.0,0.01,0.01,0.01,0.01
2022-05-07,10.5,8.25,11.75,14.25,10.75,10.75,7.0,6.25,1.75,1.75,18.25,0.01,0.01,8.5,8.25,2.0,4.0,6.0
2022-05-08,6.25,2.25,5.75,11.25,1.75,1.75,7.0,2.25,1.75,0.01,2.5,0.01,0.01,6.25,4.25,6.0,6.0,4.25
2022-05-09,2.0,8.0,6.75,14.0,3.5,1.75,0.01,6.0,0.01,0.01,7.75,0.01,0.01,2.0,4.0,2.0,1.0,4.0
2022-05-10,6.25,6.0,2.5,12.75,5.25,0.01,3.5,2.0,3.5,3.5,7.5,0.01,0.01,2.25,8.0,4.0,4.0,4.0
2022-05-11,4.25,0.01,6.25,4.0,3.75,3.75,4.0,4.0,5.5,5.5,10.0,0.01,0.01,10.25,4.0,0.01,2.0,2.0
2022-05-12,10.0,2.0,12.75,19.25,5.0,5.75,1.75,6.0,0.01,2.0,10.0,4.0,0.01,7.9,8.0,6.0,4.25,6.0
2022-05-13,2.0,2.0,15.75,14.5,0.01,1.75,0.01,6.0,0.01,0.01,10.25,6.0,4.0,6.0,6.0,0.01,2.0,4.0
2022-05-14,12.5,6.0,9.25,21.0,3.5,5.25,1.75,6.5,3.5,5.25,10.0,12.0,4.25,6.5,4.5,6.25,6.25,2.25
2022-05-15,8.5,10.75,11.0,24.5,8.75,7.0,3.5,12.75,5.25,0.01,8.0,6.5,0.01,8.75,9.0,8.25,6.25,8.5
2022-05-16,6.0,4.25,16.25,9.75,5.25,4.25,5.75,4.25,0.01,0.01,11.74,6.0,0.01,6.0,6.25,2.0,2.0,4.25
2022-05-17,0.01,0.01,2.25,9.0,0.01,0.01,0.01,0.01,0.01,0.01,7.5,0.01,0.01,2.0,0.01,0.01,0.01,0.01
2022-05-18,4.0,6.0,4.5,7.0,3.5,3.5,1.75,4.0,1.75,0.01,2.5,4.0,0.01,2.0,4.0,2.0,2.0,4.0
2022-05-19,6.0,0.01,11.0,5.0,0.01,3.75,1.75,4.0,3.75,1.75,2.75,6.25,0.01,4.25,2.0,2.0,4.0,4.0
2022-05-20,2.0,4.0,10.5,19.0,6.75,3.5,0.01,8.0,1.75,2.25,12.5,6.0,0.01,8.0,10.0,0.01,0.01,2.0
2022-05-21,2.0,2.0,4.75,8.0,5.25,3.5,1.75,4.25,1.75,0.01,7.75,2.25,0.01,6.5,4.5,2.25,0.01,0.01
2022-05-22,8.5,4.25,13.25,21.25,3.75,0.01,3.5,6.25,1.75,0.01,13.25,6.25,0.01,6.25,4.25,2.0,4.25,4.25
2022-05-23,10.0,6.0,14.5,12.75,3.5,3.5,5.25,4.0,3.5,1.75,5.0,6.0,0.01,4.0,6.0,8.0,8.0,6.0
2022-05-24,16.25,4.25,19.0,30.0,0.01,6.0,1.75,4.25,2.25,2.25,17.75,6.25,0.01,10.25,6.0,8.25,6.0,4.25
2022-05-25,12.25,2.0,10.25,10.25,1.75,1.75,0.01,2.25,0.01,3.0,2.75,4.0,0.01,6.25,4.25,4.25,6.25,2.25
2022-05-26,8.0,2.0,7.49,11.25,0.01,0.01,0.01,4.0,0.01,1.75,0.01,6.0,0.01,4.0,0.01,0.01,2.0,2.0
2022-05-27,6.0,6.25,15.0,29.75,9.0,4.25,3.5,10.25,1.75,0.01,0.01,13.75,0.01,10.0,8.0,10.0,12.25,8.0
2022-05-28,10.0,2.0,3.0,2.25,3.5,3.5,3.5,2.0,5.25,5.25,0.01,2.0,0.01,0.01,2.0,2.0,4.0,2.0
2022-05-29,10.75,8.5,11.75,24.75,7.5,1.75,6.25,8.5,1.75,1.75,5.25,10.5,0.01,10.5,8.5,4.25,6.5,10.75
2022-05-30,2.0,6.25,9.75,17.0,3.5,7.25,5.5,6.25,5.75,2.25,8.0,8.0,0.01,4.0,4.0,6.0,6.0,6.25
2022-05-31,6.0,2.0,13.75,9.25,3.5,5.25,1.75,6.5,1.75,0.01,5.0,4.25,0.01,8.5,8.5,2.0,4.0,2.0
2022-06-01,4.0,2.0,16.25,7.25,7.25,7.25,7.25,6.0,1.75,1.75,10.0,6.0,0.01,6.25,6.25,6.0,4.0,4.25
2022-06-02,2.0,4.0,5.0,7.25,0.01,0.01,1.75,4.0,1.75,0.01,5.0,4.0,0.01,2.0,4.0,2.0,2.0,0.01
2022-06-03,2.0,0.01,3.25,12.25,5.25,1.75,0.01,0.01,0.01,0.01,2.5,4.0,0.01,6.0,4.0,2.0,2.0,0.01
2022-06-04,8.25,6.0,11.5,9.0,5.25,1.75,1.75,8.25,7.0,1.75,7.5,6.0,0.01,4.0,2.0,6.0,8.0,4.0
2022-06-05,2.0,10.25,15.75,18.5,3.5,1.75,0.01,10.25,3.5,1.75,2.75,0.01,0.01,0.01,0.01,8.25,8.0,12.5
2022-06-06,2.25,8.25,5.75,13.5,0.01,0.01,1.75,4.25,1.75,3.5,0.01,4.25,0.01,4.25,6.25,2.0,4.0,6.25
2022-06-07,4.0,2.0,7.5,8.75,1.75,1.75,0.01,2.0,0.01,0.01,7.75,6.0,0.01,2.0,2.0,2.0,2.0,2.0
2022-06-08,2.0,2.0,0.01,5.5,2.25,4.0,2.0,0.01,0.01,0.01,2.5,2.0,0.01,0.01,0.01,0.01,0.01,2.0
2022-06-09,8.25,8.25,13.0,9.74,1.75,3.5,3.5,10.25,1.75,0.01,5.25,6.25,0.01,0.01,0.01,4.25,6.25,2.25
2022-06-10,8.25,6.0,8.75,15.25,7.0,7.0,3.5,8.0,1.75,1.75,2.5,4.0,0.01,2.0,0.01,4.0,4.0,4.0
2022-06-11,4.25,0.01,0.01,2.5,3.5,3.75,3.5,0.01,0.01,0.01,2.75,2.25,0.01,0.01,0.01,0.01,0.01,0.01
2022-06-12,4.25,8.25,9.5,18.25,5.25,7.0,1.75,8.5,0.01,5.25,7.75,10.25,6.25,2.25,4.5,10.5,4.0,6.5
2022-06-13,8.0,2.0,2.25,15.0,1.75,1.75,3.5,4.0,0.01,0.01,2.5,2.0,0.01,0.01,0.01,6.0,4.0,2.0
2022-06-14,2.0,4.0,5.0,9.25,6.25,3.5,1.75,4.0,0.75,0.01,5.25,2.0,0.01,0.01,0.01,0.01,2.0,2.0
2022-06-15,2.25,0.01,8.5,11.5,7.0,0.01,3.5,0.01,0.01,0.01,8.0,6.25,4.5,4.25,4.0,2.0,2.0,2.0
2022-06-16,6.0,4.0,3.0,5.25,5.25,1.75,1.75,4.0,0.01,3.5,2.5,2.0,4.0,0.01,2.0,0.01,0.01,0.01
2022-06-17,4.0,6.0,10.0,17.0,1.75,0.01,3.5,4.0,1.75,1.75,7.5,6.0,6.0,6.0,4.0,2.0,6.0,0.01
2022-06-18,2.0,6.0,0.01,6.75,4.0,3.5,1.75,2.0,3.5,3.5,5.0,2.0,6.25,6.5,6.5,0.01,0.01,4.0
2022-06-19,8.25,6.5,5.0,14.25,10.75,7.25,5.25,7.5,5.25,5.25,10.25,4.0,4.0,4.0,6.0,8.25,8.75,4.25
2022-06-20,10.25,2.0,14.75,14.5,4.0,2.25,3.5,2.0,1.75,0.01,10.25,6.0,8.0,6.0,8.0,4.0,4.0,2.0
2022-06-21,6.0,0.01,0.01,7.75,0.01,0.01,3.5,2.0,1.75,1.75,7.5,2.0,0.01,4.0,2.0,2.0,2.0,2.0
2022-06-22,6.0,0.01,4.5,7.0,0.01,1.75,1.75,4.0,0.01,0.01,2.5,2.0,0.01,0.01,2.0,0.01,0.01,0.01
2022-06-23,4.25,0.01,2.25,7.75,3.5,0.01,0.01,0.01,0.01,1.75,0.01,0.01,6.0,4.0,0.01,0.01,0.01,0.01
2022-06-24,4.0,4.0,9.75,12.0,1.75,5.25,1.75,4.0,3.75,0.01,5.25,2.0,2.0,2.0,2.0,2.25,4.25,4.0
2022-06-25,10.0,6.25,13.0,18.74,5.25,1.75,3.5,4.0,7.0,3.5,7.5,10.0,8.0,6.0,6.0,4.0,6.0,6.25
2022-06-26,6.25,4.25,20.5,30.25,1.75,0.01,0.01,6.25,0.01,0.01,15.0,10.0,8.25,6.0,8.5,4.25,4.25,4.25
2022-06-27,2.0,4.25,14.75,7.75,1.75,1.75,0.01,6.25,7.0,1.75,5.0,2.0,2.25,0.01,4.25,4.0,4.0,5.5
2022-06-28,6.0,2.25,7.0,7.5,5.25,5.25,5.25,4.25,5.25,1.75,5.0,8.0,4.0,0.01,0.01,4.25,6.25,4.25
2022-06-29,8.0,2.0,10.25,14.0,3.5,11.0,2.0,6.0,9.25,0.01,12.5,4.0,8.0,4.0,4.0,4.25,4.5,6.0
2022-06-30,6.25,2.0,17.5,19.5,0.01,1.75,0.01,0.01,0.01,0.01,8.0,6.25,4.25,0.01,0.01,0.01,0.01,2.0
2022-07-01,6.25,4.0,12.5,18.0,1.75,1.75,1.75,4.0,3.5,5.25,8.0,4.0,4.0,4.0,4.0,4.0,6.0,2.0
2022-07-02,6.0,6.25,8.0,16.5,8.75,5.25,3.5,3.5,5.25,1.75,12.5,6.0,8.25,8.25,6.25,2.25,6.25,4.25
2022-07-03,8.0,4.0,12.5,17.25,0.01,2.75,0.01,4.0,0.01,1.75,5.0,2.0,2.0,2.0,2.0,6.0,2.0,2.0
2022-07-04,4.25,0.01,0.01,2.25,3.75,3.75,0.01,0.01,0.01,0.01,2.75,0.01,0.01,2.0,0.01,0.01,0.01,0.01
2022-07-05,12.25,6.0,14.0,22.25,3.5,5.25,3.5,6.0,1.75,3.5,10.0,10.0,4.25,8.0,6.25,4.0,0.01,2.0
2022-07-06,8.25,2.0,16.75,12.25,1.75,4.25,1.75,4.0,0.01,4.0,7.5,4.25,4.0,4.0,2.25,2.0,2.0,4.0
2022-07-07,10.0,2.0,7.25,10.25,3.5,7.25,1.75,2.0,2.0,2.0,7.5,8.25,6.25,4.25,2.0,2.0,2.0,4.0
2022-07-08,6.0,6.0,18.0,24.5,10.5,3.5,3.5,4.0,3.75,3.5,12.5,8.0,6.0,12.0,10.0,6.0,6.0,2.0
2022-07-09,4.0,2.0,9.75,6.75,0.01,0.01,0.01,2.0,0.01,0.01,5.0,4.0,2.0,0.01,2.0,0.01,0.01,0.01
2022-07-10,8.25,2.0,12.0,13.0,1.75,8.75,1.75,2.0,3.5,1.75,7.75,4.0,2.25,2.0,2.0,2.0,4.0,2.0
2022-07-11,8.25,2.0,4.5,13.75,0.01,2.0,1.75,2.0,3.5,5.25,7.75,6.25,2.25,0.01,2.0,4.0,4.0,6.0
2022-07-12,6.0,2.0,6.75,4.75,5.25,1.75,3.5,0.01,3.5,0.01,10.0,2.0,2.0,0.01,0.01,0.01,2.0,2.0
2022-07-13,2.25,0.01,4.5,4.5,0.01,1.75,0.01,0.01,0.01,1.75,2.75,2.0,2.0,2.0,2.0,2.0,2.0,0.01
2022-07-14,10.0,0.01,7.25,16.5,0.01,1.75,0.01,2.0,0.01,0.01,10.5,4.0,2.0,0.01,0.01,0.01,0.01,0.01
2022-07-15,6.25,2.0,10.25,22.75,0.01,0.01,0.01,2.0,0.01,1.75,7.5,8.0,6.25,6.25,6.0,4.0,2.0,2.0
2022-07-16,0.01,6.0,7.75,5.75,0.01,3.5,0.01,4.0,0.01,0.01,2.75,2.25,2.25,2.25,2.25,4.25,4.0,2.0
2022-07-17,10.5,4.0,8.0,18.5,10.5,3.5,0.01,4.0,3.5,5.5,13.0,4.25,6.25,4.25,6.25,4.25,2.0,4.0
2022-07-18,2.0,2.0,9.25,10.5,1.75,1.75,1.75,2.0,0.01,0.01,5.0,2.0,6.25,4.25,2.25,6.0,6.0,2.0
2022-07-19,4.0,0.01,5.0,7.25,2.0,2.0,0.01,0.01,1.75,0.01,2.5,2.0,2.0,2.0,4.0,2.0,4.0,2.0
2022-07-20,2.0,4.25,4.75,4.5,5.25,7.0,1.75,4.25,5.25,1.75,2.5,2.0,2.0,2.25,2.25,4.25,4.25,2.0
2022-07-21,10.0,2.0,14.25,12.0,3.75,3.75,2.0,2.0,3.75,0.01,10.25,6.0,6.0,2.0,4.25,2.0,2.0,0.01
2022-07-22,4.0,2.0,12.5,15.0,3.5,3.5,1.75,4.0,0.01,0.01,10.25,6.0,8.0,8.0,8.0,2.0,2.0,2.0
2022-07-23,4.25,2.25,8.0,10.75,0.01,0.01,0.01,2.25,0.01,0.01,5.0,2.0,0.01,2.0,2.25,6.5,6.5,2.25
2022-07-24,12.25,0.01,3.25,11.25,5.25,3.5,1.75,0.01,0.01,1.75,8.0,2.0,2.0,0.01,0.01,2.0,0.01,0.01
2022-07-25,6.5,2.25,9.5,18.5,3.5,0.01,0.01,4.25,0.01,0.01,5.25,4.0,4.25,2.0,4.25,6.25,4.25,4.25
2022-07-26,3.0,2.25,2.75,14.0,4.0,0.01,0.01,0.01,4.0,4.0,2.75,2.25,4.25,2.25,4.25,2.25,4.5,4.5
2022-07-27,4.5,2.25,3.0,5.0,4.0,2.0,0.01,0.01,0.01,0.01,2.75,0.01,2.25,0.01,2.25,4.5,4.5,2.25
2022-07-28,4.5,0.01,13.25,7.75,0.01,0.01,0.01,0.01,0.01,0.01,2.75,2.5,2.5,2.5,2.5,0.01,0.01,0.01
2022-07-29,9.0,6.75,15.5,20.25,6.0,4.0,2.0,4.5,2.0,2.0,5.5,4.5,4.5,11.25,9.0,4.5,4.5,6.75
2022-07-30,6.75,4.75,8.0,16.0,6.0,8.0,0.01,4.5,2.0,4.0,8.5,4.75,2.25,0.01,2.25,7.0,4.75,2.25
2022-07-31,4.5,4.75,9.25,16.75,0.01,0.01,0.01,4.75,0.01,0.01,3.0,7.0,4.75,2.5,4.75,2.5,4.25,2.25
2022-08-01,2.5,5.0,6.25,9.75,2.5,2.0,0.01,9.25,0.01,2.0,0.01,2.5,0.01,0.01,2.25,2.25,6.24,11.75
2022-08-02,13.75,2.5,20.75,17.25,2.0,4.25,6.25,0.01,0.01,0.01,8.25,13.75,9.25,4.75,0.01,2.5,2.5,4.5
2022-08-03,0.01,2.25,0.01,8.5,0.01,0.01,4.0,4.5,6.0,0.01,3.0,4.5,4.5,2.25,0.01,6.75,4.5,0.01
2022-08-04,4.5,0.01,10.25,13.0,0.01,0.01,0.01,2.25,2.0,2.0,3.0,4.5,2.25,2.25,0.01,4.5,2.25,0.01
2022-08-05,14.25,9.25,17.75,20.5,4.0,8.0,4.0,9.0,0.01,2.0,14.0,6.75,11.25,9.0,0.01,7.0,11.5,4.5
2022-08-06,4.75,9.5,7.0,12.5,6.0,4.0,4.0,9.5,6.0,4.0,5.75,4.5,7.0,4.5,0.01,7.0,11.5,12.0
2022-08-07,13.5,9.25,21.0,10.24,2.5,6.5,8.0,4.5,2.0,0.01,5.75,6.75,4.75,4.5,0.01,4.5,11.5,6.75
2022-08-08,2.25,2.25,2.75,3.25,4.0,2.25,1.0,4.5,0.01,2.0,2.75,2.25,2.25,2.25,0.01,2.25,2.25,2.25
2022-08-09,6.75,2.5,11.75,13.0,4.0,2.0,4.0,2.5,4.0,4.0,8.25,11.25,4.5,2.25,0.01,0.01,2.5,2.5
2022-08-10,6.75,0.01,7.75,5.25,2.0,2.0,2.0,0.01,0.01,2.0,2.75,4.5,2.25,2.25,0.01,0.01,2.25,0.01
2022-08-11,7.0,2.25,2.5,8.75,2.0,2.0,0.01,0.01,2.0,2.0,0.01,2.5,0.01,0.01,0.01,2.25,2.25,2.25
2022-08-12,11.25,2.25,15.25,24.25,8.0,6.0,2.0,2.25,1.8,0.01,14.0,11.25,9.0,9.0,6.75,6.75,6.75,9.0
2022-08-13,4.5,0.01,5.5,9.25,4.0,4.0,4.0,2.25,2.0,0.01,5.5,4.5,4.5,2.25,2.25,2.25,2.25,0.01
2022-08-14,16.0,6.75,20.0,22.25,10.0,0.01,4.0,9.0,2.0,2.0,11.25,7.0,9.25,0.01,6.75,6.75,2.25,6.75
2022-08-15,11.25,2.25,12.75,25.22,6.0,2.0,0.01,6.75,0.01,2.0,8.25,4.5,4.5,4.5,4.5,2.25,6.75,2.25
2022-08-16,6.75,2.25,8.75,7.75,4.0,2.0,2.0,2.25,2.0,2.0,5.5,2.25,6.75,4.5,0.01,4.5,2.25,4.5
2022-08-17,2.25,2.25,4.0,2.75,2.0,4.0,4.0,2.25,2.0,4.0,2.75,4.5,2.25,0.01,0.01,4.5,2.25,2.25
2022-08-18,4.75,0.01,10.5,13.5,0.01,2.0,0.01,0.01,0.01,0.01,11.25,7.0,6.75,2.25,4.5,2.25,0.01,0.01
2022-08-19,7.0,6.75,3.75,10.25,10.75,8.5,8.0,7.25,6.0,4.0,11.5,6.75,6.75,4.5,6.75,0.01,4.5,6.75
2022-08-20,13.75,0.01,16.5,21.0,2.0,2.0,0.01,2.5,2.0,0.01,8.75,7.25,7.25,7.25,4.75,7.0,4.75,4.75
2022-08-21,5.0,4.75,11.49,19.5,0.01,0.01,0.01,9.5,2.0,0.01,0.01,4.5,7.0,7.0,4.75,7.25,7.25,9.5
2022-08-22,9.25,0.01,8.5,14.25,2.0,0.01,0.01,2.25,0.01,0.01,8.5,4.5,4.5,4.5,4.5,0.01,2.25,0.01
2022-08-23,6.5,2.25,5.25,9.75,2.0,0.01,2.0,2.25,2.0,2.0,0.01,2.25,2.25,0.01,2.25,4.5,4.5,2.25
2022-08-24,7.0,0.01,10.5,19.0,0.01,0.01,6.0,4.5,2.0,0.01,5.5,4.75,7.0,4.5,2.25,4.5,2.25,4.5
2022-08-25,9.0,0.01,5.25,15.75,0.01,2.0,4.0,0.01,0.01,0.01,5.75,4.5,0.01,4.5,4.5,0.01,0.01,0.01
2022-08-26,4.75,0.01,12.25,16.5,2.25,4.25,2.25,9.0,0.01,0.01,8.5,7.25,2.25,2.5,6.75,2.25,4.5,6.75
2022-08-27,2.25,2.5,12.5,8.0,0.01,0.01,0.01,5.0,0.01,0.01,2.75,2.5,2.5,2.5,2.5,2.25,2.25,2.5
2022-08-28,11.5,0.01,12.0,17.25,2.0,2.0,4.25,2.25,2.0,0.01,8.5,6.5,2.25,2.25,2.25,4.5,2.25,2.25
2022-08-29,9.25,0.01,15.5,11.75,2.0,0.01,0.01,2.25,0.01,0.01,11.25,4.5,4.75,2.25,2.25,0.73,0.01,2.25
2022-08-30,6.75,2.25,5.0,18.5,2.0,4.5,5.0,2.25,2.0,2.0,5.5,4.75,8.75,6.75,4.75,4.5,2.25,2.25
2022-08-31,6.75,2.25,7.75,13.25,0.01,0.01,0.01,4.75,0.01,0.01,2.75,2.25,0.01,7.0,2.5,4.75,0.01,4.75
2022-09-01,13.75,2.25,8.25,15.75,4.0,4.25,6.25,2.25,2.25,6.0,5.5,6.75,4.5,6.75,4.5,2.25,0.01,2.25
2022-09-02,2.5,0.01,7.25,13.25,0.01,0.01,0.01,6.75,0.01,0.01,11.5,2.25,6.75,6.75,6.75,2.25,0.01,2.25
2022-09-03,4.5,6.75,10.5,15.0,2.0,8.0,6.0,7.0,6.0,4.0,2.75,6.75,4.5,6.75,4.5,7.25,2.25,7.0
2022-09-04,4.5,7.25,8.25,16.0,3.5,0.01,6.75,4.75,7.75,0.01,2.75,2.5,4.5,4.5,4.5,4.75,7.0,7.25
2022-09-05,4.5,2.25,8.25,17.25,8.0,6.0,4.0,6.75,0.01,2.0,11.5,9.25,9.25,7.0,2.25,0.01,2.25,4.5
2022-09-06,6.75,7.25,8.25,8.75,2.0,2.0,0.01,2.25,2.0,2.0,5.75,4.75,2.25,2.25,2.25,2.25,2.25,2.5
2022-09-07,3.75,0.01,14.0,17.75,0.01,2.0,2.25,4.75,0.01,0.01,5.5,2.25,9.0,9.0,4.5,2.5,2.5,2.25
2022-09-08,9.25,0.01,12.75,7.75,2.0,0.01,0.01,0.01,0.01,0.01,6.0,4.5,2.5,0.01,2.25,2.25,2.25,0.01
2022-09-09,6.75,2.25,16.0,19.0,4.0,0.01,0.01,4.5,2.0,6.0,3.0,7.0,4.75,6.75,6.75,2.25,4.5,2.25
2022-09-10,13.75,2.5,12.25,13.0,2.0,2.0,2.0,6.75,2.0,6.0,0.01,9.25,4.5,7.0,9.0,2.25,4.75,4.75
2022-09-11,9.0,2.5,12.5,20.5,4.25,4.0,7.0,4.75,4.25,0.01,8.25,9.0,4.5,4.5,2.25,0.01,4.75,4.75
2022-09-12,7.0,7.0,10.0,10.75,6.25,4.0,4.25,11.5,2.0,0.01,5.5,9.0,2.25,4.5,2.5,4.75,7.0,7.0
2022-09-13,5.0,2.5,9.25,16.75,4.0,2.0,2.0,2.25,2.0,2.0,8.5,2.5,4.75,4.75,4.75,2.25,2.25,2.25
2022-09-14,11.25,2.25,5.25,13.25,0.01,2.75,4.0,0.01,0.01,4.0,2.75,2.25,4.5,2.25,4.5,0.01,2.25,2.25
2022-09-15,2.25,2.25,3.0,11.25,2.0,5.25,0.01,4.5,2.0,0.01,2.75,2.25,4.5,4.5,2.25,0.01,2.25,0.01
2022-09-16,6.75,0.01,11.5,9.75,2.25,6.0,2.0,2.25,0.01,0.01,2.75,6.75,0.01,4.5,4.5,4.5,4.5,2.25
2022-09-17,13.5,2.25,10.0,20.25,8.0,6.5,6.5,4.5,4.0,4.0,13.75,9.0,4.5,6.75,6.75,2.25,2.25,4.5
2022-09-18,9.25,4.75,22.75,27.5,4.0,2.0,0.01,2.5,2.0,2.0,14.5,12.0,11.5,4.75,7.25,9.25,12.0,7.0
2022-09-19,4.5,4.5,7.75,13.25,2.0,2.0,0.01,6.75,0.01,0.01,2.75,2.25,2.25,1.49,0.01,2.25,2.25,2.25
2022-09-20,4.5,0.01,3.75,5.5,0.01,0.01,0.01,0.01,2.0,4.0,2.75,0.01,0.01,4.5,2.25,2.25,2.25,0.01
2022-09-21,6.75,0.01,2.75,9.25,0.01,2.0,2.0,4.5,0.01,0.01,5.5,6.75,4.5,2.25,2.5,2.25,2.5,2.5
2022-09-22,2.25,0.01,2.5,4.0,0.01,2.0,0.01,4.5,0.01,0.01,0.01,0.01,0.01,0.01,2.25,0.01,2.25,4.5
2022-09-23,7.0,4.5,16.0,21.5,10.25,6.25,4.25,9.0,4.25,4.0,5.75,11.5,13.5,11.25,4.5,4.5,4.5,6.75
2022-09-24,2.25,2.25,11.0,14.0,0.01,0.01,0.01,2.25,0.01,0.01,2.75,2.25,2.25,0.01,2.25,2.5,2.5,2.5
2022-09-25,9.5,9.0,14.5,18.5,6.0,6.0,4.75,4.5,4.75,2.25,17.25,9.75,4.75,2.5,4.5,4.5,13.26,9.0
2022-09-26,4.5,7.0,11.25,8.75,0.01,4.0,2.0,0.01,0.01,0.01,0.01,2.25,2.25,7.0,4.75,0.01,7.0,2.25
2022-09-27,9.5,2.5,15.5,15.0,2.25,4.5,2.0,9.5,6.0,0.01,5.5,6.75,9.0,9.0,4.5,7.0,7.0,2.5
2022-09-28,4.5,2.25,2.5,2.75,2.25,2.25,2.5,2.25,2.0,2.0,0.01,0.01,0.01,0.01,0.01,4.5,4.5,2.25
2022-09-29,6.75,0.01,2.75,8.25,0.01,0.01,0.01,0.01,2.0,0.01,5.5,2.25,2.25,0.01,0.01,0.01,0.01,0.01
2022-09-30,2.25,4.5,21.38,27.25,2.25,4.25,2.0,9.0,0.01,0.01,8.5,11.25,9.0,6.75,6.75,0.01,2.25,4.5
2022-10-01,4.5,2.25,13.75,23.75,8.0,4.0,2.0,4.5,4.0,4.0,5.5,4.5,4.5,9.0,6.75,4.75,9.5,4.75
2022-10-02,14.0,7.0,20.25,28.75,4.5,6.75,4.0,5.0,0.01,2.0,17.0,11.25,9.25,7.0,7.0,4.5,4.5,4.75
2022-10-03,13.25,2.25,8.0,12.0,0.01,2.0,8.5,2.5,6.0,0.01,5.75,4.5,6.75,6.25,7.0,2.25,2.25,2.25
2022-10-04,6.75,0.01,13.5,17.5,0.01,4.0,2.0,0.01,0.01,0.01,11.0,4.5,6.75,2.25,6.75,0.01,0.01,0.01
2022-10-05,2.5,7.25,8.5,5.5,6.0,6.0,2.25,7.25,0.01,0.01,3.0,2.5,2.5,0.01,4.75,2.25,4.75,2.5
2022-10-06,4.5,2.25,2.5,5.0,2.0,2.0,0.01,2.25,2.0,2.0,0.01,4.5,2.25,0.01,2.25,2.25,0.01,2.25
2022-10-07,4.5,9.0,19.75,17.25,8.0,2.0,2.0,11.25,2.0,2.0,8.5,9.25,9.25,0.01,6.75,6.75,0.01,6.75
2022-10-08,9.25,4.49,18.0,20.0,4.0,0.01,4.0,4.75,0.01,0.01,11.5,9.25,5.0,0.01,7.25,2.25,0.01,4.75
2022-10-09,11.5,4.5,18.75,20.0,8.0,4.5,6.0,9.0,0.01,0.01,14.25,15.75,9.0,0.01,9.0,7.0,4.49,9.0
2022-10-10,4.5,0.01,2.5,11.0,0.01,2.0,4.0,0.01,0.01,0.01,0.01,2.5,4.75,0.01,0.01,2.25,2.25,2.25
2022-10-11,6.75,6.75,7.5,11.0,4.0,4.0,3.0,7.0,2.0,6.25,11.0,2.25,2.25,0.01,4.75,4.5,7.25,7.25
2022-10-12,6.75,0.01,0.01,11.5,2.0,0.01,0.01,0.01,0.01,2.25,5.5,4.5,2.25,0.01,2.25,2.25,0.01,2.25
2022-10-13,4.75,0.01,7.0,8.0,0.01,2.0,2.0,2.25,0.01,0.01,2.75,6.75,4.5,0.01,4.5,0.01,2.25,2.25
2022-10-14,4.75,4.5,19.25,16.25,6.0,8.0,2.5,6.75,2.0,2.0,11.25,9.25,6.75,4.5,11.25,2.25,4.5,6.75
2022-10-15,6.75,0.01,6.75,13.25,0.01,0.01,0.01,0.01,0.01,2.0,5.5,6.75,2.25,4.5,2.25,0.01,0.01,2.25
2022-10-16,7.0,11.75,20.5,23.0,9.75,5.75,8.25,14.0,0.01,2.75,11.25,7.25,5.0,7.25,9.75,7.25,5.5,7.25
2022-10-17,6.75,0.01,13.75,18.0,2.0,4.0,4.0,4.5,0.01,0.01,5.75,4.5,4.75,4.75,2.25,4.5,4.5,4.5
2022-10-18,4.5,0.01,10.25,11.25,4.0,4.0,2.0,2.25,0.01,0.01,11.0,6.75,6.75,7.0,2.5,4.75,2.5,4.75
2022-10-19,4.5,0.01,4.0,13.0,0.01,2.0,4.0,0.01,4.0,0.01,2.75,0.01,4.5,2.25,6.75,0.01,2.25,0.01
2022-10-20,6.75,0.01,12.5,5.75,4.0,4.0,4.0,0.01,2.0,2.0,5.5,6.75,4.98,4.5,4.5,4.5,4.5,2.25
2022-10-21,7.0,7.0,16.5,19.0,4.5,0.01,2.0,4.75,4.0,4.0,14.0,7.0,9.25,9.25,9.25,4.5,4.75,4.75
2022-10-22,4.5,2.25,8.5,18.0,6.0,2.0,2.0,4.5,2.0,4.0,2.75,2.25,2.25,7.0,7.0,7.0,4.75,4.75
2022-10-23,7.0,4.5,17.0,19.25,10.0,4.0,2.0,9.0,4.0,0.01,14.0,4.75,9.25,4.5,6.75,2.25,4.5,7.0
2022-10-24,9.0,4.5,13.0,17.5,2.0,6.0,6.0,0.01,0.01,0.01,8.25,6.75,6.75,2.25,0.01,4.5,2.25,4.5
2022-10-25,2.25,0.01,2.75,16.75,2.0,2.5,2.5,4.5,2.0,2.0,2.75,2.25,4.5,4.5,4.5,4.5,2.25,2.25
2022-10-26,4.75,2.25,4.0,10.75,6.0,4.0,4.0,2.25,0.01,0.01,8.5,2.5,2.5,2.5,4.5,2.25,2.25,2.25
2022-10-27,6.75,4.75,9.75,12.75,0.01,2.0,2.0,5.0,4.5,0.01,8.5,4.75,2.5,4.5,2.25,2.5,2.5,4.75
2022-10-28,2.5,2.25,7.25,12.25,2.0,2.25,2.0,4.5,6.0,4.0,5.5,6.75,4.5,6.75,11.25,2.25,1.0,4.5
2022-10-29,9.0,2.25,19.0,15.0,2.25,0.01,0.01,2.25,0.01,0.01,2.75,9.0,6.75,4.5,2.25,2.25,0.01,0.01
2022-10-30,7.0,4.75,14.25,7.24,6.0,6.0,2.0,4.5,2.0,2.0,2.75,4.5,4.5,2.25,4.5,4.75,4.5,7.0
2022-10-31,10.0,6.75,14.5,16.5,2.0,4.0,6.25,4.5,6.25,6.25,11.25,4.75,9.25,9.25,6.75,9.5,6.75,6.75
2022-11-01,9.0,0.01,7.5,20.0,2.25,4.0,2.25,0.01,0.01,0.01,5.5,6.75,6.75,2.25,2.25,0.01,2.25,2.25
2022-11-02,2.25,2.25,12.75,17.25,0.01,2.0,8.0,7.0,8.0,0.01,8.5,2.25,0.01,8.25,7.25,7.0,4.75,4.5
2022-11-03,7.0,4.5,0.01,7.75,6.25,6.5,2.0,4.5,2.25,2.25,4.0,2.25,0.01,2.25,2.25,0.01,2.25,2.25
2022-11-04,4.5,6.75,20.25,26.0,4.0,2.0,2.0,6.75,2.0,4.25,8.5,6.75,0.01,11.5,9.25,4.5,4.0,4.5
2022-11-05,0.01,2.5,8.5,22.0,6.0,2.0,2.0,4.75,2.0,0.01,5.5,2.25,2.25,6.75,9.0,2.25,4.5,4.5
2022-11-06,7.0,7.0,17.25,13.0,10.0,4.0,4.5,2.25,4.5,4.5,14.5,4.75,9.25,9.25,7.0,6.75,6.75,4.75
2022-11-07,2.25,4.75,5.5,16.0,0.01,2.0,2.0,2.5,2.0,0.01,11.75,4.5,2.25,2.5,2.5,2.25,4.75,4.75
2022-11-08,9.0,2.25,11.25,11.0,0.01,3.25,7.25,4.5,2.0,0.01,0.01,2.25,0.01,7.0,7.0,2.25,2.25,2.25
2022-11-09,9.25,2.25,5.25,14.25,0.01,2.0,0.01,2.25,2.0,2.0,2.75,2.25,2.25,2.25,0.01,6.75,2.25,2.25
2022-11-10,6.75,2.25,2.75,6.0,4.0,6.0,2.25,2.25,2.25,2.25,5.5,2.25,2.25,2.25,2.25,4.5,4.5,2.25
2022-11-11,2.5,4.5,10.75,17.5,0.01,2.75,2.0,2.25,0.01,0.01,8.5,2.25,4.75,4.75,6.75,2.25,4.5,4.5
2022-11-12,7.0,6.75,6.0,16.25,4.0,4.0,4.0,7.0,2.0,6.0,11.5,9.25,7.0,9.25,9.25,4.75,4.75,2.5
2022-11-13,9.0,4.75,25.75,19.75,6.5,0.01,2.25,0.01,2.25,2.0,11.25,6.75,2.25,9.25,9.5,2.5,7.0,4.75
2022-11-14,9.0,4.5,17.25,16.0,4.0,5.0,4.25,4.5,4.25,6.5,5.5,7.5,5.5,9.0,6.75,9.0,4.5,6.75
2022-11-15,2.5,2.25,2.75,5.25,2.0,4.5,0.01,2.25,2.25,2.0,0.01,4.5,4.75,2.5,2.25,0.01,0.01,0.01
2022-11-16,13.75,4.75,8.5,13.5,2.0,0.01,2.0,2.5,4.0,2.0,14.25,4.75,2.5,4.75,3.5,2.5,2.25,0.01
2022-11-17,6.75,2.25,10.75,19.24,4.0,4.0,0.01,0.01,0.01,0.01,8.25,4.5,4.75,4.5,2.25,2.25,2.25,2.25
2022-11-18,4.5,0.01,13.0,16.75,0.01,4.0,2.0,2.5,2.0,5.25,11.0,6.75,6.75,6.75,6.75,2.25,2.25,2.5
2022-11-19,6.75,7.0,10.5,10.25,4.0,4.0,6.25,7.0,4.0,4.0,8.25,7.25,4.75,9.25,4.75,4.5,4.5,6.75
2022-11-20,7.0,4.5,13.25,12.5,8.75,4.25,6.25,6.75,4.25,0.01,11.25,2.25,4.5,4.5,4.5,2.25,6.75,4.5
2022-11-21,9.0,4.75,7.0,17.0,0.01,6.0,6.25,4.75,6.25,2.0,11.0,4.5,6.75,6.75,4.5,0.01,2.25,4.75
2022-11-22,2.25,2.25,0.01,3.0,2.25,2.25,0.01,2.25,0.01,0.01,0.01,0.01,0.01,2.25,0.01,0.01,2.25,2.25
2022-11-23,0.01,0.01,0.01,0.01,0.01,0.01,0.01,0.01,0.01,0.01,0.01,0.01,0.01,0.01,0.01,0.01,0.01,0.01
2022-11-24,11.5,2.5,6.0,19.75,4.0,4.0,2.0,2.5,2.0,0.01,8.5,6.75,4.99,6.75,4.5,2.25,2.25,2.5
2022-11-25,0.01,0.01,6.25,12.0,0.01,0.01,2.0,2.5,0.01,2.0,11.25,2.25,4.5,4.75,7.0,0.01,0.01,0.01
2022-11-26,4.5,0.01,2.5,10.25,0.01,0.01,0.01,0.01,6.25,0.01,2.75,0.01,4.75,4.75,2.25,2.25,4.5,2.25
2022-11-27,16.25,13.75,27.0,33.25,14.25,12.25,10.25,16.5,2.0,4.0,20.0,14.0,18.25,16.0,14.25,11.25,16.25,14.25
2022-11-28,9.25,4.75,5.25,12.75,2.0,6.0,8.0,2.25,8.0,2.0,5.5,6.75,6.49,4.5,4.5,4.75,4.75,4.5
2022-11-29,4.75,0.01,4.5,13.0,2.0,0.01,4.0,4.5,2.0,0.01,0.01,2.5,2.5,6.75,6.75,2.25,2.25,2.25
2022-11-30,4.75,2.25,10.0,8.75,4.0,2.0,4.0,0.01,4.0,2.0,2.75,6.75,6.75,9.5,4.75,2.5,4.5,7.0
2022-12-01,4.5,2.25,6.74,7.25,8.0,4.0,2.0,2.25,0.01,2.0,3.0,2.25,2.25,2.5,0.01,4.5,0.01,2.25
2022-12-02,6.75,4.5,15.25,16.25,8.0,4.0,4.0,4.75,4.0,0.01,8.5,12.0,6.75,9.25,9.25,0.01,2.25,2.25
2022-12-03,7.0,0.01,2.5,14.25,0.01,0.01,0.01,0.01,0.01,0.01,5.5,2.5,0.01,0.01,0.01,2.25,2.25,0.01
2022-12-04,7.0,11.25,13.5,17.75,14.75,9.0,11.0,9.0,4.25,7.0,11.5,6.75,7.0,9.25,9.0,4.75,7.0,4.75
2022-12-05,6.75,4.5,15.25,18.0,0.01,2.0,4.0,6.75,0.01,2.0,11.25,6.75,9.0,6.75,4.5,4.5,4.5,4.5
2022-12-06,2.5,2.25,0.01,6.0,2.25,2.25,2.25,2.25,2.5,0.01,0.01,0.01,0.01,0.01,0.01,2.25,2.25,2.25
2022-12-07,6.75,0.01,5.5,8.25,0.01,0.01,0.01,0.01,4.0,4.0,5.5,2.25,0.01,2.25,2.25,2.25,2.25,2.25
2022-12-08,4.5,0.01,7.5,10.0,2.0,2.0,0.01,2.25,0.01,0.01,5.5,6.75,2.25,2.25,2.25,0.01,0.01,0.01
2022-12-09,4.5,2.25,9.75,13.5,4.25,2.25,2.25,0.01,2.0,2.25,11.25,4.5,4.5,4.5,4.5,4.5,4.5,4.5
2022-12-10,11.25,4.5,11.25,15.25,0.01,2.0,4.0,0.01,4.0,2.0,5.5,9.0,4.75,2.25,6.75,2.25,2.25,6.75
2022-12-11,11.25,7.25,21.25,33.5,5.0,9.75,6.0,0.01,4.0,2.0,23.0,12.0,12.0,11.75,11.75,14.25,11.75,9.5
2022-12-12,7.0,6.75,12.25,9.5,12.0,6.0,10.0,0.01,2.0,8.0,13.75,4.5,9.0,6.49,7.0,9.25,9.25,11.5
2022-12-13,7.25,2.5,8.0,18.75,2.0,4.0,6.5,0.01,2.0,2.0,5.75,4.75,2.5,4.75,6.75,4.75,2.5,4.75
2022-12-14,6.75,2.5,5.5,7.5,6.0,4.0,6.0,4.75,0.01,0.01,3.0,2.5,2.25,7.0,7.25,2.5,2.5,2.25
2022-12-15,11.25,0.01,13.75,15.0,0.01,4.25,2.25,2.25,0.01,0.01,8.25,6.75,6.75,6.75,6.75,2.25,2.25,2.25
2022-12-16,0.01,0.01,2.25,10.75,2.0,2.0,0.01,2.5,0.01,0.01,2.75,2.25,0.01,4.5,6.75,0.01,0.01,0.01
2022-12-17,4.5,2.25,2.75,8.75,0.01,0.01,0.01,2.25,0.01,0.01,2.75,4.5,0.01,2.25,2.25,0.01,0.01,0.01
2022-12-18,9.5,6.75,17.25,21.75,8.25,6.0,4.0,9.25,4.0,4.0,11.5,9.25,7.0,9.25,4.75,4.75,6.75,9.25
2022-12-19,6.75,7.0,19.0,11.0,2.0,6.0,6.0,4.75,0.01,2.0,8.5,6.75,4.5,2.25,2.25,6.75,4.5,2.25
2022-12-20,4.5,2.25,5.0,7.5,2.0,2.0,2.0,2.25,2.0,0.01,2.75,0.01,2.25,3.0,2.25,0.01,0.01,2.25
2022-12-21,7.0,4.5,8.75,14.25,2.25,2.25,2.0,2.25,4.0,2.0,5.5,4.75,2.25,4.5,2.25,2.25,2.25,4.5
2022-12-22,6.75,0.01,1.25,5.75,0.01,0.01,0.01,0.01,0.01,4.0,5.5,2.25,2.25,2.25,0.01,2.25,0.01,0.01
2022-12-23,7.0,0.01,21.75,14.5,2.0,2.0,4.25,4.5,0.01,0.01,14.0,11.25,9.0,4.5,6.75,0.01,2.25,3.74
2022-12-24,7.0,2.25,21.0,21.5,8.25,8.25,7.75,4.75,0.01,2.0,11.0,6.75,5.0,9.25,9.5,2.5,2.25,4.5
2022-12-25,0.01,0.01,0.01,0.01,0.01,0.01,0.01,0.01,0.01,0.01,0.01,0.01,0.01,0.01,0.01,0.01,0.01,0.01
2022-12-26,11.5,6.75,22.0,11.75,10.0,8.25,10.0,9.25,4.0,0.01,14.0,4.5,9.0,6.75,6.75,4.5,2.25,9.25
2022-12-27,6.75,2.25,6.0,11.0,6.0,2.0,4.0,4.5,2.0,0.01,3.0,4.5,2.25,2.25,2.25,4.5,4.5,2.25
2022-12-28,9.25,7.0,18.0,13.25,2.0,6.0,12.0,4.75,2.0,9.5,17.25,9.25,9.5,7.25,4.75,2.25,4.75,4.75
2022-12-29,6.75,2.25,14.5,18.5,2.0,0.01,2.0,2.25,2.0,0.01,5.5,6.75,6.75,9.0,9.0,7.0,7.0,7.0
2022-12-30,4.5,2.5,6.25,11.0,4.0,2.0,4.0,4.75,0.01,0.01,2.75,2.25,4.75,7.0,7.0,2.25,4.75,2.5
2022-12-31,11.5,7.0,24.0,31.25,4.25,2.5,8.25,11.5,6.0,4.0,14.0,13.75,13.5,11.25,9.0,2.5,7.0,7.0
2023-01-01,0.01,0.01,0.01,0.01,0.01,0.01,0.01,0.01,0.01,0.01,0.01,0.01,0.01,0.01,0.01,0.01,0.01,0.01
2023-01-02,4.5,2.25,15.75,11.0,0.01,2.0,6.0,2.25,6.0,4.0,11.25,6.75,2.25,2.25,2.25,6.75,2.25,4.5
2023-01-03,9.0,2.5,13.75,12.25,4.0,2.0,2.0,2.5,4.5,0.01,5.5,6.75,4.5,4.5,0.01,2.25,0.01,0.01
2023-01-04,6.75,4.75,14.0,16.75,2.0,2.5,4.0,7.0,2.25,6.25,13.75,6.75,4.5,7.0,5.0,6.75,6.75,7.0
2023-01-05,4.5,2.25,8.75,8.75,4.25,2.0,2.0,4.5,0.01,8.5,2.75,4.5,4.5,2.25,4.5,2.25,0.01,2.25
2023-01-06,4.5,2.25,5.0,8.5,4.0,2.0,0.01,2.25,0.01,0.01,2.75,2.25,0.01,0.01,0.01,0.01,2.25,4.5
2023-01-07,11.5,2.25,12.0,20.25,4.0,10.0,10.25,4.5,4.0,2.0,8.25,6.75,13.75,11.5,9.25,4.5,4.5,6.75
2023-01-08,9.0,11.5,22.5,31.75,8.0,8.0,7.25,11.5,2.0,4.0,14.0,11.5,16.0,9.5,9.75,4.75,7.0,9.25
2023-01-09,4.5,2.25,13.75,13.75,0.01,4.0,4.0,6.75,2.0,6.0,8.25,4.5,6.75,2.25,4.5,4.5,0.01,4.5
2023-01-10,7.0,0.01,8.25,10.0,4.0,0.01,2.0,2.25,0.01,0.01,5.75,6.75,4.5,4.5,2.25,2.25,0.01,2.25
2023-01-11,0.01,2.25,2.5,4.75,2.0,2.0,4.0,2.25,4.0,2.0,3.0,2.25,2.25,2.25,2.25,4.75,4.5,4.75
2023-01-12,2.25,0.01,0.01,6.75,0.01,0.01,0.01,0.01,2.0,0.01,8.25,2.25,2.25,2.25,0.01,2.25,0.01,0.01
2023-01-13,2.5,2.25,8.25,10.25,0.01,0.01,0.01,4.5,4.0,0.01,5.5,2.5,4.5,4.5,6.75,2.25,4.5,0.01
2023-01-14,9.0,6.75,13.0,18.5,4.0,4.0,12.25,9.25,4.0,4.0,16.5,9.0,11.5,13.75,6.75,4.75,4.75,4.75
2023-01-15,11.75,6.75,30.0,36.25,2.25,4.0,4.0,11.5,0.01,2.0,19.5,9.5,14.0,7.25,2.5,2.25,0.01,6.75
2023-01-16,6.75,6.75,5.25,14.75,4.25,4.25,2.0,4.5,4.0,2.0,8.25,0.01,4.5,6.75,6.75,4.5,4.5,4.5
2023-01-17,7.0,0.01,5.25,9.5,0.01,0.01,0.01,0.01,0.01,0.01,8.5,7.0,0.01,0.01,0.01,0.01,0.01,0.01
2023-01-18,4.75,2.5,10.5,15.5,4.0,4.0,4.0,7.25,2.0,2.0,11.25,4.5,9.25,7.0,9.5,7.25,7.0,5.0
2023-01-19,4.5,4.5,17.0,6.0,2.25,2.25,2.5,4.5,2.0,2.25,5.5,2.25,2.0,0.01,0.01,2.25,4.5,4.5
2023-01-20,0.01,0.01,5.0,5.5,4.0,0.01,0.01,2.25,2.0,2.0,8.25,4.5,4.5,6.75,6.75,0.01,0.01,0.01
2023-01-21,11.5,0.01,10.0,11.75,2.0,2.0,4.0,0.01,0.01,0.01,8.75,4.5,5.0,2.25,4.5,0.01,0.01,0.01
2023-01-22,9.5,5.0,8.5,22.5,4.0,10.0,0.01,7.0,0.01,0.01,11.5,5.0,7.25,5.0,9.25,9.75,9.5,7.0
2023-01-23,7.0,2.25,14.0,19.25,0.01,0.01,2.0,2.25,4.0,4.0,11.25,6.75,6.75,6.75,6.75,4.5,0.01,6.75
2023-01-24,9.0,0.01,11.5,20.0,0.01,0.01,2.0,0.01,4.25,0.01,11.0,9.0,4.5,6.75,2.25,0.01,0.01,2.25
2023-01-25,5.0,0.01,10.0,7.5,0.01,0.01,4.0,2.5,4.0,0.01,9.0,2.5,0.01,2.5,5.0,6.75,4.5,2.25
2023-01-26,9.25,2.25,15.0,17.0,0.01,0.01,0.01,2.25,0.01,0.01,8.75,7.0,4.5,4.5,4.5,2.25,2.25,2.25
2023-01-27,4.5,0.01,0.5,5.5,0.01,0.01,0.01,0.01,0.01,0.01,2.75,0.01,0.01,0.01,0.01,0.01,2.25,0.01
2023-01-28,6.75,2.25,8.5,9.25,0.01,2.0,4.0,2.25,2.0,0.01,5.75,4.5,4.75,4.75,4.75,0.01,2.5,0.01
2023-01-29,2.25,4.5,15.0,16.0,4.0,6.0,2.0,4.5,4.25,0.01,11.25,6.75,7.0,4.75,6.75,0.01,4.5,4.5
2023-01-30,9.0,2.25,19.25,18.0,8.5,6.25,2.0,4.5,8.0,10.0,11.0,11.24,4.5,6.75,6.75,6.75,4.5,9.0
2023-01-31,7.0,2.25,10.75,13.75,0.01,0.01,0.01,2.25,0.01,0.01,2.75,2.25,0.01,0.01,0.01,0.01,2.25,2.25
2023-02-01,7.25,2.25,5.0,8.75,2.75,2.25,6.0,2.25,4.25,2.0,5.5,6.75,7.25,7.25,4.75,2.25,2.25,0.01
2023-02-02,4.75,0.01,0.01,0.01,2.5,2.25,2.0,0.01,2.0,0.01,0.01,2.25,2.25,2.25,2.25,0.01,0.01,0.01
2023-02-03,4.5,2.25,8.25,10.75,0.01,0.01,0.01,4.5,0.01,0.01,2.75,4.5,4.5,2.25,2.25,0.01,0.01,2.25
2023-02-04,9.25,9.0,16.25,20.25,6.0,4.0,6.0,4.75,2.0,6.0,14.0,11.5,8.0,9.5,11.75,2.5,2.5,2.25
2023-02-05,9.0,7.0,20.5,22.25,6.0,0.01,4.0,6.75,6.0,2.0,13.75,4.5,7.0,4.75,4.75,4.75,4.5,6.75
2023-02-06,7.0,2.25,5.25,17.0,6.0,4.0,4.0,2.49,0.01,4.0,11.25,2.25,6.75,2.25,2.25,2.25,2.25,2.25
2023-02-07,4.5,2.25,2.5,5.75,6.0,4.0,2.0,2.25,0.01,2.0,0.01,2.25,0.01,0.01,2.25,4.5,4.5,4.5
2023-02-08,11.5,2.5,17.5,23.0,2.0,4.0,4.0,2.5,4.0,4.0,5.5,2.25,9.0,4.75,4.75,4.5,6.75,4.75
2023-02-09,7.0,2.5,12.0,20.0,0.01,0.01,2.0,2.5,0.01,0.01,11.25,7.0,7.25,5.0,2.5,2.5,4.75,2.5
2023-02-10,6.75,0.01,17.44,23.5,5.25,0.01,0.01,0.01,2.0,0.01,14.0,11.25,9.0,11.25,9.0,0.01,0.01,0.01
2023-02-11,7.0,4.5,10.25,9.25,6.5,10.5,6.5,7.0,2.0,0.01,8.25,9.0,7.0,9.25,2.25,4.75,7.0,4.75
2023-02-12,6.75,9.5,15.0,17.5,6.5,8.5,4.0,9.25,0.01,0.01,5.5,6.75,7.0,4.5,7.0,2.5,4.75,7.0
2023-02-13,9.25,4.75,21.25,12.5,2.0,2.0,6.0,6.75,2.0,4.0,14.0,4.5,4.5,4.5,4.5,4.5,4.5,2.25
2023-02-14,0.01,0.01,0.01,0.01,0.01,2.0,0.01,0.01,0.01,0.01,0.01,0.01,2.25,2.25,0.01,0.01,0.01,0.01
2023-02-15,6.75,2.25,0.01,11.75,0.01,0.01,0.01,0.01,2.0,0.01,0.01,0.01,0.01,2.5,6.75,6.75,0.01,0.01
2023-02-16,6.75,2.25,11.0,8.75,4.25,2.0,4.0,4.5,10.5,0.01,5.5,2.25,4.5,4.5,4.5,2.25,2.25,2.25
2023-02-17,4.5,4.5,13.75,15.5,2.0,0.01,0.01,4.5,0.01,0.01,8.25,2.25,2.25,4.5,2.25,2.25,4.5,6.75
2023-02-18,11.5,0.01,15.25,15.25,2.5,0.01,0.01,2.25,0.01,0.01,16.75,9.25,6.75,4.5,0.01,4.75,2.25,2.25
2023-02-19,4.5,2.25,9.5,12.0,4.0,2.0,2.25,2.25,0.01,0.01,5.75,7.0,9.25,7.0,2.25,0.01,0.01,2.25
2023-02-20,2.25,4.5,7.5,10.25,8.0,5.0,6.0,4.5,4.0,4.0,16.5,2.25,0.01,4.25,0.01,6.75,4.5,6.75
2023-02-21,0.01,4.5,8.5,13.75,4.0,2.25,0.01,2.25,0.01,0.01,8.25,6.75,9.0,4.5,2.25,2.25,2.25,2.25
2023-02-22,2.25,6.75,6.25,12.0,4.0,8.0,4.0,4.75,4.0,6.0,2.75,4.75,4.75,2.5,4.75,7.0,7.0,6.75
2023-02-23,6.75,0.01,5.25,5.25,4.25,2.25,0.01,0.01,0.01,0.01,8.5,4.5,0.01,2.25,2.25,0.01,0.01,0.01
2023-02-24,0.01,0.01,5.0,15.5,0.01,0.01,0.01,0.01,0.01,0.01,5.75,2.25,4.75,2.5,4.75,2.25,2.25,2.25
2023-02-25,2.25,0.01,5.25,10.25,6.0,2.0,4.0,2.25,2.0,0.01,5.5,2.25,0.01,4.5,6.75,2.25,0.01,0.01
2023-02-26,7.0,7.0,23.5,23.75,0.01,8.25,0.01,7.0,4.0,0.01,8.5,11.25,11.75,13.75,11.5,4.5,4.75,7.0
2023-02-27,4.5,4.5,5.0,5.0,2.0,4.5,6.0,6.75,4.0,2.0,3.0,4.5,2.25,2.25,2.25,4.5,4.5,2.25
2023-02-28,6.75,2.25,2.5,8.25,0.01,0.01,0.01,0.01,0.01,0.01,2.75,0.01,0.01,2.25,0.01,0.01,0.01,0.01
2023-03-01,2.25,4.5,2.5,2.5,2.0,4.25,2.0,2.5,8.0,0.01,0.01,2.25,0.01,2.25,2.5,2.5,4.75,2.25
2023-03-02,2.25,0.01,5.5,2.5,0.01,0.01,0.01,0.01,0.01,0.01,2.75,2.25,0.01,0.01,0.01,0.01,0.01,0.01
2023-03-03,11.25,4.5,26.0,31.25,2.0,2.25,4.25,6.75,0.01,0.01,13.75,9.25,9.0,9.0,9.25,4.5,4.5,4.5
2023-03-04,7.5,7.0,16.5,21.5,6.0,2.0,4.25,7.0,2.0,4.0,11.25,9.75,7.25,9.5,9.5,7.0,9.0,6.75
2023-03-05,9.0,11.5,17.0,23.75,0.01,2.5,2.0,4.75,2.0,2.0,14.0,11.5,7.0,7.0,2.5,2.25,6.75,2.25
2023-03-06,7.0,7.0,10.0,14.25,2.0,2.0,10.5,0.01,4.0,2.0,2.25,6.75,6.75,9.0,4.75,11.25,9.0,4.75
2023-03-07,4.5,0.01,7.5,20.25,0.01,2.0,0.01,2.5,0.01,0.01,3.0,0.01,4.75,4.75,7.25,0.01,4.5,4.75
2023-03-08,4.75,0.01,10.5,16.0,0.01,2.0,2.0,2.25,2.0,2.0,5.75,0.01,4.75,6.75,6.75,2.25,2.25,2.25
2023-03-09,9.25,0.01,13.5,17.25,2.0,4.0,2.0,2.25,0.01,0.01,14.25,0.01,7.0,9.25,4.5,0.01,0.01,0.01
2023-03-10,6.75,2.25,9.0,25.0,2.25,4.0,0.01,7.0,2.0,0.01,11.0,0.01,4.5,4.5,7.25,2.25,4.75,2.5
2023-03-11,2.25,2.25,2.75,4.0,0.01,4.0,4.0,2.25,0.01,0.01,2.75,0.01,4.5,4.5,4.5,0.01,0.01,0.01
2023-03-12,9.0,9.0,16.5,19.0,6.0,4.0,2.0,6.75,6.5,0.01,8.5,0.01,4.5,6.75,11.25,6.75,7.0,6.75
2023-03-13,4.75,0.01,0.01,12.5,6.5,6.25,12.0,6.75,10.25,4.5,8.75,4.5,4.75,4.75,2.25,6.75,9.0,4.5
2023-03-14,0.01,0.01,0.01,8.5,0.01,2.0,0.01,2.25,0.01,0.01,5.5,0.01,2.25,0.01,2.25,0.01,0.01,0.01
2023-03-15,2.25,2.25,0.01,9.75,2.0,2.0,0.01,2.25,0.01,0.01,0.01,2.25,2.25,2.25,2.25,2.25,2.25,2.25
2023-03-16,2.25,4.75,6.0,5.25,0.01,0.01,5.75,2.25,2.25,2.0,2.75,2.25,2.25,2.5,2.25,4.5,4.75,2.25
2023-03-17,4.75,2.25,20.75,27.25,0.01,0.01,0.01,4.5,0.01,0.01,8.5,4.75,5.0,2.5,7.25,2.25,4.5,4.75
2023-03-18,6.75,2.25,16.0,23.5,2.25,4.0,6.0,4.75,4.25,2.0,8.25,7.0,6.75,11.25,11.5,2.5,2.5,9.5
2023-03-19,9.5,7.0,17.75,32.0,4.0,2.0,0.01,9.0,0.01,0.01,19.75,14.0,9.5,9.5,9.25,2.5,5.0,7.0
2023-03-20,11.5,4.5,8.25,15.0,2.0,6.0,7.0,4.75,4.0,0.01,5.5,2.25,4.75,4.75,4.5,4.75,4.5,4.75
2023-03-21,9.25,2.25,8.5,12.5,6.5,2.25,0.01,4.5,0.01,0.01,5.5,2.25,7.0,7.0,4.5,2.25,0.01,7.0
2023-03-22,7.0,2.25,6.25,14.75,4.0,0.01,2.0,2.5,0.01,0.01,2.75,4.5,4.5,2.25,4.75,4.5,4.75,2.25
2023-03-23,2.25,2.25,3.25,2.75,2.75,2.0,4.0,2.25,4.0,2.0,0.01,2.25,2.25,2.25,2.25,4.5,4.5,2.25
2023-03-24,2.25,0.01,14.0,5.75,2.0,0.01,0.01,2.25,0.01,0.01,8.25,4.5,2.25,6.75,6.75,0.01,0.01,0.01
2023-03-25,9.5,4.5,12.5,22.25,8.25,6.25,4.25,9.25,2.0,4.0,8.5,6.75,6.75,6.75,4.75,11.5,11.5,11.75
2023-03-26,9.25,6.75,19.75,25.0,6.0,4.75,0.01,9.0,0.01,0.01,16.75,11.5,9.0,11.5,6.75,2.25,4.75,4.5
2023-03-27,6.75,6.75,17.25,18.25,8.0,8.75,10.25,6.75,10.0,2.0,11.0,6.75,4.5,6.75,11.25,9.0,11.25,11.25
2023-03-28,2.25,0.01,3.5,0.01,2.25,2.0,2.0,0.01,0.01,0.01,2.75,0.01,0.01,0.01,2.25,2.25,2.25,2.25
2023-03-29,2.25,0.01,4.25,2.5,2.0,2.0,0.01,4.75,0.01,0.01,3.0,0.01,0.01,0.01,2.5,7.0,4.75,2.25
2023-03-30,4.75,2.25,5.25,16.75,6.0,2.25,2.25,0.01,2.0,2.0,5.5,6.75,4.5,2.25,7.0,2.25,2.25,2.25
2023-03-31,4.5,2.25,13.5,14.75,0.01,0.01,0.01,2.25,0.01,0.01,8.5,6.75,6.75,2.25,2.25,0.01,0.01,2.25
2023-04-01,4.5,4.75,25.74,16.5,0.01,0.01,2.0,4.75,2.0,0.01,5.5,7.0,2.5,7.0,4.75,2.5,4.75,4.75
2023-04-02,12.0,2.5,17.5,20.75,0.01,0.01,0.01,2.5,0.01,0.01,8.75,5.5,5.0,4.75,4.75,2.5,2.5,2.5
2023-04-03,13.5,2.25,19.5,24.75,5.75,7.25,8.0,6.75,8.0,4.0,8.5,11.25,6.75,9.0,6.75,4.5,6.75,6.75
2023-04-04,13.75,2.25,30.75,21.75,2.0,0.01,0.01,2.25,0.01,0.01,14.0,16.0,11.25,11.25,9.0,0.01,2.5,2.25
2023-04-05,2.25,0.01,3.0,6.0,2.0,0.01,0.01,0.01,4.0,0.01,2.75,2.5,2.5,0.01,2.25,2.25,2.25,0.01
2023-04-06,2.5,0.01,8.5,8.75,0.01,0.01,0.01,0.01,0.01,0.01,2.75,2.25,2.25,2.25,2.25,0.01,0.01,0.01
2023-04-07,4.5,0.01,12.0,7.75,0.01,0.01,0.01,6.75,0.01,0.01,8.25,6.75,4.5,2.25,4.5,0.01,0.01,0.01
2023-04-08,12.0,4.5,7.5,17.0,7.0,6.0,0.01,4.5,2.0,2.25,8.5,4.47,2.25,4.5,4.5,2.25,0.01,2.25
2023-04-09,4.75,2.25,9.25,7.5,4.5,2.0,0.01,2.25,0.01,0.01,11.25,4.5,4.5,0.01,0.01,0.01,0.01,0.01
2023-04-10,4.75,2.25,8.25,18.5,0.01,6.25,4.25,2.25,2.0,2.25,11.0,4.5,4.75,4.5,4.75,6.75,4.5,4.5
2023-04-11,4.75,0.01,2.5,9.0,4.5,0.01,2.0,0.01,2.0,4.0,2.75,2.5,2.28,4.5,4.5,2.25,2.25,2.25
2023-04-12,4.5,4.5,10.5,9.0,4.0,4.0,2.0,4.75,8.0,0.01,5.5,4.75,7.5,7.25,2.25,4.5,4.5,2.25
2023-04-13,6.75,2.25,8.0,6.0,0.01,4.0,4.25,2.25,4.75,2.0,5.75,6.75,4.5,6.75,4.5,0.01,0.01,0.01
2023-04-14,9.0,2.25,5.75,20.0,0.01,0.01,4.0,4.5,4.0,0.01,5.75,6.75,2.25,4.5,2.25,6.75,4.75,2.25
2023-04-15,7.0,9.5,22.75,16.75,6.0,4.0,4.0,14.25,2.0,0.01,8.5,9.25,0.01,9.5,9.5,4.5,4.5,7.0
2023-04-16,7.0,9.5,17.0,19.5,0.01,4.0,2.5,9.25,0.01,0.01,11.0,2.25,0.01,4.75,4.75,4.75,4.75,9.5
2023-04-17,4.5,4.5,12.75,17.5,2.0,2.0,2.0,2.25,0.01,2.0,11.0,6.75,2.25,2.25,2.25,4.5,4.5,2.25
2023-04-18,9.25,0.01,11.0,13.0,0.01,0.01,0.01,0.01,0.01,0.01,5.75,6.75,2.25,2.25,0.01,0.01,0.01,0.01
2023-04-19,5.0,2.25,8.75,10.5,0.01,0.01,0.01,7.25,0.01,2.25,8.25,4.5,0.01,2.25,5.0,4.75,5.25,7.25
2023-04-20,6.75,0.01,2.75,3.5,0.01,0.01,0.01,0.01,2.25,0.01,0.01,2.25,2.25,2.25,0.01,0.01,0.01,2.25
2023-04-21,4.75,4.5,15.99,21.0,0.01,0.01,2.5,9.0,2.0,0.01,11.25,11.5,0.01,7.0,6.75,2.25,2.25,4.5
2023-04-22,11.25,4.5,16.25,12.5,2.0,6.0,4.0,4.5,0.01,2.0,8.25,6.75,0.01,4.5,2.25,7.0,7.0,2.25
2023-04-23,7.0,4.75,9.25,13.0,10.0,2.0,6.0,7.25,2.0,0.01,11.5,2.5,0.01,2.5,7.25,2.25,2.25,2.25
2023-04-24,6.75,0.01,2.5,8.0,0.01,6.0,0.01,0.01,0.01,0.01,2.75,6.75,0.01,0.01,0.01,2.25,2.25,0.01
2023-04-25,7.0,2.25,7.5,9.5,4.0,2.0,2.0,1.5,2.0,6.0,5.5,4.75,0.01,2.25,2.25,2.25,2.25,2.25
2023-04-26,2.25,2.25,2.5,9.75,2.25,4.0,0.01,3.75,0.01,0.01,2.75,2.25,0.01,4.5,2.5,4.75,2.25,2.5
2023-04-27,4.5,0.01,8.3,8.0,0.01,0.01,0.01,2.25,0.01,0.01,5.75,4.5,0.01,0.01,2.25,0.01,0.01,0.01
2023-04-28,4.75,4.5,13.75,16.0,4.25,2.0,0.01,9.0,0.01,0.01,11.0,9.25,0.01,4.75,9.0,0.01,0.01,0.01
2023-04-29,2.5,2.25,7.5,13.5,2.25,6.25,0.01,0.01,0.01,0.01,11.0,4.75,2.25,2.25,0.01,2.25,2.25,0.01
2023-04-30,11.25,9.0,22.25,23.25,8.0,4.0,8.0,7.0,4.0,0.01,17.0,9.5,4.75,9.25,7.0,5.0,9.0,9.25
2023-05-01,11.25,9.0,8.5,17.75,9.0,8.5,6.5,11.25,2.25,6.0,11.0,6.75,4.5,9.25,6.75,6.75,6.75,6.75
2023-05-02,7.0,4.75,10.75,14.5,2.0,2.0,2.0,4.75,2.0,0.01,5.5,2.5,7.0,4.75,5.0,2.25,2.25,4.75
2023-05-03,2.25,0.01,0.01,4.5,0.01,0.01,0.01,2.5,0.01,0.01,0.01,0.01,0.01,2.25,2.5,2.5,2.25,2.5
2023-05-04,9.0,0.01,12.25,9.5,0.01,0.01,0.01,0.01,0.01,0.01,8.25,4.5,0.01,0.01,2.25,0.01,0.01,0.01
2023-05-05,4.5,6.75,2.75,16.25,0.01,0.01,0.01,2.25,6.0,4.0,5.75,2.25,2.25,4.5,2.25,2.25,2.25,4.5
2023-05-06,7.0,2.5,7.75,18.75,0.01,0.01,0.01,2.5,0.01,0.01,8.25,4.5,0.01,4.0,7.0,2.5,2.5,5.0
2023-05-07,11.5,7.0,17.75,21.5,4.25,4.0,2.0,4.75,0.01,0.01,17.25,9.0,2.5,9.25,7.0,2.5,4.5,4.5
2023-05-08,4.5,9.0,10.75,10.0,4.0,4.0,4.0,9.0,2.0,6.25,5.75,2.25,2.25,4.5,6.75,4.5,0.01,9.0
2023-05-09,7.25,0.01,10.25,14.0,4.0,2.0,4.0,2.25,2.0,0.01,8.5,9.25,2.25,6.75,6.75,0.01,0.01,2.25
2023-05-10,0.01,9.0,11.0,9.0,0.01,6.0,0.01,2.25,0.01,0.01,3.0,4.5,0.01,4.75,2.5,4.75,0.01,4.75
2023-05-11,13.5,2.25,6.0,11.0,0.01,2.0,2.0,0.01,0.01,8.0,2.75,2.25,2.25,0.01,4.5,4.5,0.01,4.5
2023-05-12,0.01,4.5,8.75,12.75,0.01,0.01,0.01,0.01,0.01,0.01,11.0,9.0,4.5,4.5,6.75,0.01,0.01,0.01
2023-05-13,7.25,2.25,13.5,14.0,2.0,6.0,4.0,0.01,0.01,0.01,8.5,9.5,4.5,4.5,2.25,4.5,2.25,4.5
2023-05-14,4.75,4.5,13.25,10.25,4.0,2.0,2.0,0.01,0.01,0.01,6.0,4.75,2.5,0.01,5.0,4.5,4.5,4.75
2023-05-15,0.01,0.01,0.01,0.01,0.01,0.01,0.01,0.01,0.01,0.01,0.01,0.01,0.01,0.01,0.01,0.01,0.01,0.01
