,3690,3695,3694,3693,3692,3688,3686,3684
2021-11-16,0.01,0.01,0.01,1.75,0.01,2.25,0.01,0.01
2021-11-17,2.0,1.75,0.01,0.01,0.01,2.0,0.01,0.01
2021-11-18,7.0,7.8,6.05,3.5,0.01,7.25,2.0,2.25
2021-11-19,4.0,5.25,5.25,0.01,0.01,2.0,4.0,2.0
2021-11-20,2.0,3.5,3.9,0.01,0.01,4.0,0.01,2.5
2021-11-21,2.25,1.75,0.01,0.01,0.01,2.25,0.01,0.01
2021-11-22,2.0,4.3,3.5,1.75,0.01,6.5,4.5,2.25
2021-11-23,2.0,3.5,7.0,1.75,0.01,2.0,4.0,4.0
2021-11-24,5.25,5.25,5.25,1.75,0.01,4.0,4.0,2.0
2021-11-25,2.0,1.75,1.75,0.01,0.01,0.01,2.25,0.01
2021-11-26,0.01,0.01,0.01,0.01,0.01,0.01,0.01,0.01
2021-11-27,0.01,0.01,3.8,0.01,0.01,4.25,0.01,0.01
2021-11-28,2.0,1.75,3.5,0.01,0.01,4.0,2.25,0.01
2021-11-29,0.01,0.01,0.01,0.01,0.01,0.01,0.01,0.01
2021-11-30,0.01,0.01,1.75,1.75,0.01,2.0,2.0,0.01
2021-12-01,0.01,1.75,0.01,0.01,1.75,2.25,2.5,2.25
2021-12-02,0.01,1.75,0.01,0.01,0.01,0.01,0.01,0.01
2021-12-03,4.25,5.25,5.25,2.15,2.15,4.0,4.0,0.01
2021-12-04,4.0,5.25,5.25,1.75,0.01,8.0,4.0,2.0
2021-12-05,4.0,1.75,7.0,1.75,1.75,4.0,2.5,0.01
2021-12-06,2.25,0.01,0.01,3.9,5.65,2.25,0.01,0.01
2021-12-07,2.25,2.55,0.01,0.01,0.01,2.25,2.0,2.25
2021-12-08,0.01,0.01,0.01,0.01,0.01,0.01,0.01,0.01
2021-12-09,0.01,5.25,1.75,2.15,2.15,6.25,4.0,2.0
2021-12-10,2.0,3.5,1.75,0.01,0.01,2.0,2.0,2.0
2021-12-11,2.5,6.05,2.15,1.75,2.15,5.0,5.0,2.5
2021-12-12,2.25,1.75,1.75,3.5,1.75,4.5,2.0,0.01
2021-12-13,2.0,2.15,4.7,1.75,0.01,4.25,0.75,2.0
2021-12-14,4.0,5.25,0.01,0.01,0.01,4.0,0.01,0.01
2021-12-15,2.0,3.5,0.01,0.01,0.01,6.5,2.0,0.01
2021-12-16,0.01,3.5,4.3,0.01,0.01,2.0,4.0,2.0
2021-12-17,2.0,3.5,1.75,0.01,3.9,4.25,4.0,2.0
2021-12-18,0.01,0.01,0.01,0.01,0.01,0.01,0.01,0.01
2021-12-19,6.0,7.4,0.01,4.3,0.01,4.25,2.25,2.25
2021-12-20,2.0,3.9,0.01,0.01,0.01,2.0,0.01,0.01
2021-12-21,4.0,4.7,3.5,1.75,3.5,6.0,8.25,2.25
2021-12-22,0.01,0.01,0.01,0.01,0.01,0.01,0.01,0.01
2021-12-23,0.01,0.01,0.01,0.01,0.01,2.5,0.01,0.01
2021-12-24,0.01,1.75,0.01,0.01,0.01,2.25,2.5,0.01
2021-12-25,0.01,0.01,0.01,0.01,0.01,0.01,0.01,0.01
2021-12-26,0.01,2.15,3.35,1.75,0.01,2.25,4.75,2.5
2021-12-27,2.0,0.01,0.01,1.75,3.5,2.0,0.01,0.01
2021-12-28,2.0,1.75,1.75,0.01,0.01,2.0,0.01,0.01
2021-12-29,0.01,0.01,0.01,0.01,0.01,0.01,0.01,0.01
2021-12-30,0.01,0.01,0.01,0.01,0.01,0.01,0.01,0.01
2021-12-31,0.01,0.01,2.55,0.01,0.01,2.0,0.01,0.01
2022-01-01,0.01,1.75,1.75,0.01,0.01,0.01,2.0,2.0
2022-01-02,2.0,6.45,1.75,0.01,3.5,7.25,4.75,7.25
2022-01-03,2.5,0.01,0.01,0.01,0.01,0.01,0.01,0.01
2022-01-04,0.01,1.75,1.75,0.01,0.01,0.01,2.5,0.01
2022-01-05,4.0,3.5,1.75,0.01,0.01,4.0,0.01,0.01
2022-01-06,2.0,5.1,4.3,0.01,1.75,2.0,4.0,4.0
2022-01-07,2.0,1.75,0.01,0.01,0.01,2.0,2.0,0.01
2022-01-08,2.0,3.5,1.75,0.01,0.01,0.01,2.0,2.0
2022-01-09,4.0,6.05,1.75,0.01,5.1,4.0,2.0,2.0
2022-01-10,2.25,5.25,0.01,0.01,0.01,4.25,2.0,0.01
2022-01-11,2.0,3.9,0.01,0.01,0.01,4.0,0.01,0.01
2022-01-12,2.0,1.75,1.75,0.01,1.75,2.0,2.0,0.01
2022-01-13,4.0,5.25,6.05,0.01,2.55,4.25,4.25,4.5
2022-01-14,0.01,0.01,0.01,0.01,0.01,0.01,0.01,0.01
2022-01-15,0.01,0.01,1.75,0.01,3.5,0.01,6.75,0.01
2022-01-16,4.5,3.5,0.01,0.01,0.01,2.5,0.01,0.01
2022-01-17,2.0,1.75,0.01,0.01,0.01,2.0,0.01,0.01
2022-01-18,2.0,2.15,1.75,0.01,1.75,2.0,2.0,0.01
2022-01-19,0.01,0.01,0.01,0.01,0.01,0.01,0.01,0.01
2022-01-20,0.01,0.01,0.01,0.01,1.75,0.01,0.01,2.0
2022-01-21,4.0,7.0,1.75,0.01,0.01,6.5,2.0,0.01
2022-01-22,0.01,1.75,6.05,0.01,0.01,4.25,2.5,2.5
2022-01-23,6.0,3.5,5.25,0.01,1.75,6.25,2.0,0.01
2022-01-24,4.0,4.3,0.01,0.01,2.55,2.0,2.25,2.25
2022-01-25,0.01,1.75,0.01,0.01,1.75,0.01,2.0,2.0
2022-01-26,0.01,3.9,6.45,0.01,3.9,6.25,6.25,2.0
2022-01-27,2.0,0.01,5.5,0.01,0.01,4.0,0.01,0.01
2022-01-28,4.0,3.5,1.75,0.01,0.01,4.0,2.0,0.01
2022-01-29,0.01,0.01,0.01,0.01,0.01,0.01,0.01,0.01
2022-01-30,7.0,6.45,3.5,0.01,3.5,4.5,5.0,5.0
2022-01-31,0.01,0.01,0.01,0.01,2.15,2.25,0.01,0.01
2022-02-01,0.01,3.5,3.5,0.01,0.01,2.0,4.0,0.01
2022-02-02,3.5,1.75,3.5,0.01,0.01,4.0,0.01,0.01
2022-02-03,4.5,1.75,2.55,0.01,0.01,0.01,0.01,0.01
2022-02-04,0.01,0.01,0.01,0.01,0.01,0.01,0.01,0.01
2022-02-05,2.0,2.15,1.75,0.01,2.15,2.0,2.0,0.01
2022-02-06,4.0,5.65,1.75,0.01,0.01,6.5,2.5,0.01
2022-02-07,2.0,3.5,1.75,0.01,3.5,6.25,2.0,0.01
2022-02-08,0.01,0.01,0.01,0.01,0.01,0.01,0.01,0.01
2022-02-09,2.0,0.01,1.75,0.01,0.01,0.01,0.01,2.25
2022-02-10,0.01,2.55,1.75,0.01,0.01,4.0,2.0,0.01
2022-02-11,0.01,2.55,4.3,0.01,2.55,6.75,4.5,2.25
2022-02-12,4.0,5.65,5.25,0.01,3.9,8.0,2.5,5.0
2022-02-13,2.0,0.01,0.01,0.01,1.75,0.01,0.01,0.01
2022-02-14,2.25,3.5,1.75,0.01,3.5,6.5,4.0,0.01
2022-02-15,8.5,7.8,1.75,0.01,0.01,8.5,0.01,0.01
2022-02-16,0.01,0.01,0.01,0.01,0.01,0.01,0.01,2.25
2022-02-17,0.01,2.55,0.01,0.01,1.75,2.0,0.01,0.01
2022-02-18,0.01,0.01,1.75,0.01,0.01,2.0,0.01,0.01
2022-02-19,0.01,0.01,1.75,0.01,0.01,0.01,2.5,0.01
2022-02-20,2.0,1.75,1.75,0.01,1.75,2.0,2.0,0.01
2022-02-21,0.01,3.5,5.25,0.01,1.75,4.0,6.0,4.0
2022-02-22,2.0,3.5,1.75,0.01,0.01,2.0,2.0,0.01
2022-02-23,6.0,10.35,2.15,0.01,0.01,8.25,2.25,0.01
2022-02-24,0.01,1.75,1.75,0.01,3.5,2.0,2.0,2.0
2022-02-25,4.0,7.4,3.5,0.01,0.01,6.0,2.0,2.0
2022-02-26,2.25,3.5,4.3,0.01,6.85,2.25,0.25,2.5
2022-02-27,0.01,6.05,0.01,0.01,6.45,6.75,4.75,4.25
2022-02-28,4.0,4.3,3.9,0.01,0.01,4.0,0.01,0.01
2022-03-01,4.0,1.75,1.75,0.01,3.5,4.25,2.0,4.25
2022-03-02,0.01,4.3,0.01,0.01,0.01,4.25,2.0,0.01
2022-03-03,0.01,0.01,0.01,0.01,0.01,0.01,0.01,0.01
2022-03-04,0.01,0.01,0.01,0.01,0.01,0.01,0.01,0.01
2022-03-05,11.25,7.0,3.5,0.01,3.5,9.0,6.75,9.25
2022-03-06,0.01,3.5,5.25,0.01,3.5,4.5,2.5,2.5
2022-03-07,4.0,3.9,1.75,0.01,3.9,4.0,4.0,4.0
2022-03-08,2.0,3.9,1.75,0.01,0.01,0.01,0.01,0.01
2022-03-09,2.0,1.75,0.01,0.01,0.01,0.01,0.01,0.01
2022-03-10,2.0,1.75,0.01,0.01,0.01,0.01,0.01,0.01
2022-03-11,2.0,1.75,1.75,0.01,3.5,6.25,4.0,0.01
2022-03-12,4.0,4.3,7.8,0.01,1.75,2.5,4.5,6.25
2022-03-13,8.25,4.3,3.5,0.01,1.75,6.5,0.01,2.5
2022-03-14,0.01,1.75,0.01,0.01,0.01,0.01,0.01,0.01
2022-03-15,6.25,13.95,1.75,0.01,7.25,8.25,6.5,4.75
2022-03-16,0.01,0.01,0.01,0.01,1.75,0.01,0.01,2.5
2022-03-17,0.01,0.01,1.75,0.01,0.01,0.01,2.0,0.01
2022-03-18,2.5,3.35,3.75,0.01,0.01,2.5,0.01,0.01
2022-03-19,0.01,0.01,0.01,0.01,1.75,2.0,0.01,0.01
2022-03-20,6.25,7.4,5.25,0.01,0.01,8.25,2.0,4.0
2022-03-21,6.5,4.3,2.15,0.01,2.15,4.0,2.0,0.01
2022-03-22,2.0,1.75,1.0,0.01,0.01,2.0,0.01,0.01
2022-03-23,4.0,5.25,3.5,0.01,0.01,6.25,0.01,0.01
2022-03-24,2.0,1.75,3.9,0.01,0.01,4.5,0.01,0.01
2022-03-25,0.01,2.55,1.75,0.01,0.01,4.25,2.0,0.01
2022-03-26,2.0,1.75,1.75,0.01,1.75,2.0,0.01,0.01
2022-03-27,4.0,8.75,1.75,0.01,0.01,3.9,6.25,4.5
2022-03-28,6.0,5.25,5.25,0.01,3.5,6.0,6.0,2.0
2022-03-29,2.0,1.75,2.15,0.01,2.15,2.0,2.0,0.01
2022-03-30,2.25,1.75,0.01,0.01,0.01,0.01,0.01,0.01
2022-03-31,6.0,5.25,5.25,0.01,1.75,4.25,2.0,4.0
2022-04-01,4.25,0.01,7.4,0.01,0.01,2.0,0.01,0.01
2022-04-02,2.0,0.01,1.75,0.01,1.75,0.01,2.25,0.01
2022-04-03,8.0,8.75,7.0,0.01,7.0,6.0,6.0,10.5
2022-04-04,2.0,6.05,1.75,0.01,1.75,6.0,6.5,0.01
2022-04-05,0.01,1.75,2.55,0.01,2.15,4.25,0.01,0.01
2022-04-06,0.01,0.01,0.01,0.01,0.01,0.01,0.01,0.01
2022-04-07,6.5,4.3,1.75,0.01,4.3,6.25,2.25,2.0
2022-04-08,0.01,2.55,0.01,0.01,0.01,0.01,2.25,2.25
2022-04-09,0.01,1.75,4.7,0.01,0.01,4.75,7.25,0.01
2022-04-10,7.0,3.5,5.25,0.01,3.5,9.0,2.5,2.5
2022-04-11,2.0,3.9,3.9,0.01,5.25,4.25,4.0,4.0
2022-04-12,0.01,0.01,0.01,0.01,0.01,0.01,0.01,0.01
2022-04-13,0.01,0.01,0.01,0.01,0.01,0.01,0.01,0.01
2022-04-14,4.0,3.5,3.5,0.01,1.75,4.25,2.0,2.0
2022-04-15,0.01,0.01,1.75,0.01,0.01,4.25,0.01,0.01
2022-04-16,8.5,7.8,6.45,0.01,4.7,8.5,6.25,6.5
2022-04-17,0.01,3.5,0.01,0.01,0.01,2.25,2.25,0.01
2022-04-18,2.0,1.75,0.01,0.01,1.75,2.0,2.0,0.01
2022-04-19,0.01,1.75,1.75,0.01,0.01,2.0,2.0,0.01
2022-04-20,2.0,3.9,3.9,0.01,6.05,4.0,4.5,4.5
2022-04-21,4.0,1.75,5.25,0.01,2.95,6.5,0.01,0.01
2022-04-22,4.0,3.5,3.5,0.01,3.5,2.5,2.5,8.75
2022-04-23,2.0,1.75,5.25,0.01,0.01,8.5,2.0,7.0
2022-04-24,10.75,9.55,11.3,0.01,5.25,6.75,8.25,2.0
2022-04-25,0.01,1.75,0.01,0.01,0.01,2.5,2.5,0.01
2022-04-26,0.01,0.01,0.01,0.01,0.01,0.01,0.01,0.01
2022-04-27,2.0,2.55,3.5,0.01,0.01,4.0,2.0,0.01
2022-04-28,0.01,0.01,0.01,0.01,0.01,0.01,0.01,0.01
2022-04-29,2.0,3.5,3.5,0.01,0.01,4.5,2.5,2.0
2022-04-30,8.0,1.75,2.15,0.01,3.9,6.25,2.0,0.01
2022-05-01,8.75,7.0,5.25,0.01,6.45,4.5,2.0,2.0
2022-05-02,0.01,0.01,0.01,0.01,3.5,2.5,2.5,0.01
2022-05-03,2.0,0.01,3.5,0.01,1.75,4.0,0.01,0.01
2022-05-04,6.25,1.75,4.3,0.01,2.55,4.0,4.25,2.0
2022-05-05,0.01,1.75,3.5,0.01,0.01,4.25,2.0,0.01
2022-05-06,2.25,1.75,7.0,0.01,5.25,8.5,6.25,0.01
2022-05-07,0.01,2.15,1.75,0.01,0.01,2.5,2.5,2.5
2022-05-08,6.0,7.0,5.25,0.01,1.75,8.25,2.0,2.0
2022-05-09,0.01,1.75,1.75,0.01,1.75,2.0,2.0,2.0
2022-05-10,0.01,0.01,0.01,0.01,0.01,0.01,0.01,0.01
2022-05-11,2.0,2.15,2.15,0.01,0.01,2.0,0.01,0.01
2022-05-12,4.5,1.75,0.01,0.01,2.15,0.01,2.5,2.5
2022-05-13,4.0,8.75,5.25,0.01,3.5,10.75,8.0,5.0
2022-05-14,6.0,7.4,8.75,0.01,5.65,10.25,6.0,2.25
2022-05-15,6.0,5.25,3.5,0.01,0.01,6.0,4.0,0.01
2022-05-16,2.0,3.5,0.01,0.01,0.01,4.5,2.5,0.01
2022-05-17,0.01,1.75,0.01,0.01,0.01,0.01,0.01,0.01
2022-05-18,0.01,0.01,3.9,0.01,4.3,4.0,4.25,4.0
2022-05-19,2.5,3.5,1.75,0.01,3.5,4.0,4.5,2.0
2022-05-20,4.25,6.85,3.5,0.01,4.7,2.0,6.5,6.25
2022-05-21,0.01,8.44,0.01,0.01,2.55,2.0,6.25,0.01
2022-05-22,2.0,1.75,0.01,0.01,1.75,2.0,2.25,0.01
2022-05-23,2.0,5.25,1.75,0.01,0.01,4.0,2.0,0.01
2022-05-24,6.0,5.65,0.01,0.01,0.01,4.0,2.0,2.0
2022-05-25,4.0,1.75,3.9,0.01,2.15,0.01,0.01,0.01
2022-05-26,6.0,1.75,9.55,0.01,1.75,8.25,6.5,0.01
2022-05-27,8.25,8.2,7.0,0.01,6.05,8.5,6.0,4.0
2022-05-28,2.25,0.01,1.75,0.01,1.75,2.25,0.01,0.01
2022-05-29,6.0,3.5,1.75,0.01,1.75,4.25,2.0,0.01
2022-05-30,0.01,1.75,0.01,0.01,1.75,4.75,0.01,0.01
2022-05-31,0.01,0.01,1.75,0.01,0.01,0.01,2.5,0.01
2022-06-01,0.01,2.15,0.01,0.01,0.01,2.5,2.5,0.01
2022-06-02,0.01,0.01,3.5,0.01,3.9,6.0,2.5,2.25
2022-06-03,0.01,0.01,1.75,0.01,1.75,0.01,2.0,2.0
2022-06-04,0.01,0.01,0.01,0.01,0.01,0.01,0.01,0.01
2022-06-05,4.0,6.05,3.5,0.01,1.75,4.0,4.5,2.0
2022-06-06,6.0,6.05,4.3,0.01,5.1,6.5,4.25,4.25
2022-06-07,0.01,1.75,0.01,0.01,1.75,2.0,2.0,0.01
2022-06-08,0.01,0.01,1.75,0.01,0.01,2.0,0.01,0.01
2022-06-09,6.25,5.25,7.0,0.01,7.0,6.0,8.0,4.25
2022-06-10,2.0,2.55,0.01,0.01,0.01,0.01,2.0,0.01
2022-06-11,2.25,3.5,1.75,0.01,0.01,4.5,2.0,2.5
2022-06-12,4.0,3.5,5.25,0.01,0.01,4.0,2.0,0.01
2022-06-13,6.0,3.5,3.5,0.01,1.75,0.01,6.5,2.0
2022-06-14,0.01,1.75,0.01,0.01,0.01,0.01,2.25,0.01
2022-06-15,2.0,4.3,3.9,0.01,2.55,2.25,2.25,4.25
2022-06-16,2.0,1.75,7.0,0.01,1.75,8.0,2.0,0.01
2022-06-17,4.0,3.5,3.9,0.01,3.5,2.0,2.0,2.0
2022-06-18,0.01,1.75,5.25,0.01,1.75,8.25,2.0,0.01
2022-06-19,6.0,7.0,5.25,0.01,1.75,4.0,2.0,2.0
2022-06-20,4.0,6.05,4.3,0.01,0.01,2.0,4.0,2.0
2022-06-21,0.01,1.75,1.75,0.01,0.01,0.01,4.0,2.0
2022-06-22,2.0,7.65,5.65,0.01,4.3,2.0,2.0,4.0
2022-06-23,0.01,1.75,0.01,0.01,2.15,4.25,2.0,2.0
2022-06-24,0.01,1.75,0.01,0.01,3.5,4.25,4.25,0.01
2022-06-25,0.01,0.01,1.75,0.01,1.75,2.5,2.5,0.01
2022-06-26,2.0,5.25,5.25,0.01,3.5,6.25,6.0,2.0
2022-06-27,4.75,1.75,1.75,0.01,1.75,6.5,4.0,0.01
2022-06-28,0.01,7.7,5.65,0.01,1.75,4.25,4.25,4.0
2022-06-29,4.0,0.01,1.75,0.01,3.5,2.0,0.01,0.01
2022-06-30,0.01,0.01,5.65,0.01,5.25,8.0,4.25,0.01
2022-07-01,8.75,3.5,7.4,0.01,6.05,10.25,2.0,2.0
2022-07-02,4.0,1.75,5.25,0.01,1.75,6.0,2.0,0.01
2022-07-03,2.25,1.75,1.75,0.01,3.5,4.5,2.5,2.5
2022-07-04,4.25,3.5,1.75,0.01,1.75,2.0,0.01,2.25
2022-07-05,2.25,1.75,1.75,0.01,3.5,2.0,2.0,0.01
2022-07-06,2.0,5.25,5.25,0.01,5.25,4.0,4.0,4.0
2022-07-07,4.25,2.55,1.75,0.01,1.75,6.25,4.0,0.01
2022-07-08,0.01,1.75,1.75,0.01,0.01,0.01,0.01,0.01
2022-07-09,2.0,3.5,3.5,0.01,5.25,2.0,4.0,4.0
2022-07-10,6.25,7.0,3.5,0.01,1.75,4.25,6.5,0.01
2022-07-11,8.25,1.75,1.75,0.01,5.25,0.01,2.0,0.01
2022-07-12,4.5,4.3,1.75,0.01,2.55,6.0,4.24,2.5
2022-07-13,6.0,3.5,3.9,0.01,8.6,4.25,6.25,4.25
2022-07-14,0.01,0.01,3.5,0.01,1.75,4.0,0.01,0.01
2022-07-15,0.01,1.75,0.01,0.01,0.01,2.25,2.25,0.01
2022-07-16,2.0,7.0,5.25,0.01,3.5,6.25,6.25,6.0
2022-07-17,6.5,7.4,5.25,0.01,5.25,7.0,4.25,9.0
2022-07-18,2.25,3.5,1.75,0.01,5.65,6.0,2.0,2.0
2022-07-19,4.0,3.9,5.65,0.01,5.65,6.0,4.25,4.25
2022-07-20,2.0,2.55,6.45,0.01,2.55,6.0,2.0,2.25
2022-07-21,2.0,2.15,2.15,0.01,4.3,4.0,2.0,0.01
2022-07-22,4.25,7.0,6.45,0.01,0.01,6.5,0.01,2.0
2022-07-23,4.25,9.0,1.75,0.01,0.01,4.0,0.01,0.01
2022-07-24,8.0,9.15,5.25,0.01,5.25,8.5,4.0,4.0
2022-07-25,8.75,6.45,7.8,0.01,0.01,8.5,0.01,0.01
2022-07-26,8.5,8.55,5.9,0.01,7.5,8.5,8.25,4.5
2022-07-27,8.0,6.4,9.6,0.01,6.4,2.0,2.0,4.0
2022-07-28,10.25,9.2,7.6,0.01,2.0,2.0,4.25,0.01
2022-07-29,6.0,10.8,6.0,0.01,4.0,8.5,10.5,2.0
2022-07-30,2.0,4.4,2.4,0.01,0.01,2.25,2.0,0.01
2022-07-31,12.25,15.2,12.0,0.01,6.0,10.75,8.25,4.0
2022-08-01,0.01,0.01,6.0,0.01,8.8,2.0,6.0,0.01
2022-08-02,8.0,7.6,7.2,0.01,0.01,0.01,0.01,0.01
2022-08-03,8.25,5.2,5.2,0.01,2.0,4.5,4.75,2.0
2022-08-04,6.0,2.0,2.0,0.01,11.6,2.0,0.01,0.01
2022-08-05,8.5,8.0,6.4,4.0,6.8,12.0,8.0,2.5
2022-08-06,6.25,12.4,2.4,2.4,0.01,4.25,4.5,2.25
2022-08-07,6.0,10.4,4.0,2.0,4.0,6.75,2.5,0.01
2022-08-08,2.5,0.01,0.01,0.01,2.8,0.01,0.01,0.01
2022-08-09,4.25,4.8,2.0,0.01,4.4,4.25,2.0,2.0
2022-08-10,2.5,4.8,2.0,4.0,2.0,2.5,6.0,0.01
2022-08-11,6.0,2.0,4.4,6.4,10.4,4.25,6.25,2.0
2022-08-12,4.0,0.01,8.8,0.01,0.01,0.01,2.0,0.01
2022-08-13,4.0,4.0,0.01,0.01,2.4,0.01,0.01,0.01
2022-08-14,8.0,4.0,7.2,2.0,6.8,4.0,2.25,2.25
2022-08-15,6.0,11.2,2.0,0.01,2.0,6.0,6.0,3.8
2022-08-16,4.0,0.01,0.01,4.8,0.01,0.01,0.01,0.01
2022-08-17,4.0,2.0,3.2,2.4,5.2,6.25,2.25,2.0
2022-08-18,4.0,2.8,0.01,2.0,4.4,0.01,2.0,2.0
2022-08-19,0.01,0.01,2.0,0.01,0.01,4.75,0.01,0.01
2022-08-20,2.0,0.01,4.0,4.0,0.01,2.0,4.0,0.01
2022-08-21,2.0,4.0,2.0,0.01,2.0,4.0,7.0,2.0
2022-08-22,8.5,8.0,2.0,6.0,2.0,6.0,4.0,4.5
2022-08-23,6.25,8.4,8.8,4.0,6.0,2.25,4.5,2.25
2022-08-24,4.0,11.19,6.4,4.0,7.2,8.5,10.5,4.0
2022-08-25,4.0,0.01,4.4,2.0,0.01,2.0,0.01,0.01
2022-08-26,4.0,9.6,6.0,0.01,4.4,4.0,4.0,6.0
2022-08-27,2.0,2.0,2.0,2.0,4.8,4.0,4.0,2.0
2022-08-28,4.25,4.4,4.0,0.01,2.8,4.25,4.25,2.0
2022-08-29,2.25,0.01,0.01,5.2,0.01,2.0,0.01,0.01
2022-08-30,6.25,2.8,4.4,6.0,6.4,6.5,4.5,4.5
2022-08-31,2.5,7.2,5.6,2.0,2.0,6.25,6.0,4.0
2022-09-01,0.01,2.0,0.01,0.01,0.01,0.01,0.01,2.0
2022-09-02,6.25,6.0,2.0,2.0,2.0,4.75,2.25,2.25
2022-09-03,3.5,4.8,2.0,2.0,0.01,2.25,4.25,0.01
2022-09-04,4.0,0.01,5.6,0.01,4.4,2.0,4.25,4.25
2022-09-05,6.0,8.0,4.0,2.0,2.0,6.25,2.5,2.5
2022-09-06,4.5,0.01,2.0,4.0,0.01,4.25,2.0,0.01
2022-09-07,6.25,7.2,2.0,2.4,6.8,4.25,6.0,4.25
2022-09-08,0.01,4.0,2.0,2.4,0.01,4.0,2.0,4.0
2022-09-09,0.01,0.01,2.0,6.0,2.0,4.0,6.0,0.01
2022-09-10,2.25,0.01,2.0,0.01,0.01,0.01,2.25,0.01
2022-09-11,6.0,6.4,2.4,2.0,2.0,6.5,2.5,0.01
2022-09-12,4.5,2.0,2.0,0.01,0.01,0.01,0.01,0.01
2022-09-13,0.01,2.0,2.0,4.0,4.0,4.0,4.0,2.0
2022-09-14,2.0,0.01,4.8,2.8,4.0,4.0,4.0,2.0
2022-09-15,0.01,2.0,0.01,0.01,0.01,0.01,2.5,2.5
2022-09-16,2.0,2.0,0.01,2.0,0.01,2.0,0.01,0.01
2022-09-17,12.75,8.0,4.0,6.0,4.0,15.5,4.75,0.01
2022-09-18,2.0,8.0,2.0,2.0,2.0,6.0,6.5,2.5
2022-09-19,0.01,2.4,0.01,0.01,0.01,0.01,2.5,2.5
2022-09-20,4.0,4.0,6.0,4.0,4.0,8.0,2.0,4.0
2022-09-21,0.01,0.01,2.0,2.0,0.01,2.0,2.0,2.0
2022-09-22,0.01,4.4,6.0,4.0,4.0,2.0,8.0,6.25
2022-09-23,8.0,10.0,8.0,10.0,10.0,12.0,12.0,10.0
2022-09-24,2.0,9.2,4.4,2.0,4.0,6.0,4.0,6.0
2022-09-25,10.75,14.0,12.0,12.8,12.8,13.25,17.0,11.0
2022-09-26,6.75,8.8,2.0,0.01,6.8,6.25,4.0,2.0
2022-09-27,2.25,4.0,8.4,0.01,5.29,4.5,4.0,4.0
2022-09-28,4.0,4.8,2.0,0.01,2.0,2.0,2.0,2.0
2022-09-29,2.5,2.0,2.0,0.01,4.0,5.0,2.5,2.5
2022-09-30,2.25,0.01,8.0,0.01,2.0,6.25,8.75,4.25
2022-10-01,0.01,0.01,2.0,0.01,2.0,0.01,0.01,4.75
2022-10-02,0.01,10.8,4.0,0.01,4.4,0.01,10.25,8.25
2022-10-03,0.01,0.01,0.01,0.01,2.0,0.01,2.0,0.01
2022-10-04,0.01,2.4,4.4,0.01,2.0,0.01,6.0,2.0
2022-10-05,0.01,8.4,6.8,0.01,5.6,0.01,10.25,10.5
2022-10-06,2.0,2.4,0.01,0.01,0.01,0.01,4.0,0.01
2022-10-07,0.01,2.0,4.0,0.01,5.2,0.01,4.0,2.0
2022-10-08,0.01,4.0,2.0,6.0,7.6,6.75,13.5,6.5
2022-10-09,0.01,4.0,0.01,0.01,4.0,4.25,6.0,2.0
2022-10-10,0.01,5.2,4.0,6.8,8.4,8.5,10.5,6.25
2022-10-11,0.01,0.01,0.01,0.01,2.0,2.0,0.01,0.01
2022-10-12,0.01,4.4,6.8,7.2,4.4,8.0,12.0,4.5
2022-10-13,0.01,4.0,4.4,4.0,2.0,4.25,4.0,4.0
2022-10-14,0.01,2.0,4.0,4.0,0.01,2.0,4.0,4.0
2022-10-15,0.01,8.8,6.0,2.0,4.4,3.2,8.5,8.0
2022-10-16,0.01,6.0,6.0,0.01,8.0,4.25,8.25,8.5
2022-10-17,0.01,2.4,4.4,0.01,2.4,2.5,2.5,2.5
2022-10-18,0.01,0.01,0.01,0.01,0.01,0.01,0.01,0.01
2022-10-19,0.01,8.8,4.4,7.2,8.4,10.75,10.25,4.0
2022-10-20,0.01,2.0,0.01,2.0,0.01,4.0,4.0,0.01
2022-10-21,0.01,2.4,0.01,4.0,6.0,2.0,6.0,2.0
2022-10-22,0.01,0.01,0.01,0.01,0.01,0.01,0.01,0.01
2022-10-23,0.01,8.4,8.0,2.4,6.0,8.5,12.5,8.25
2022-10-24,0.01,2.4,2.8,0.01,0.01,2.5,2.25,0.01
2022-10-25,0.01,2.4,0.01,0.01,2.4,6.25,2.25,2.25
2022-10-26,0.01,2.8,4.4,2.8,4.0,2.0,4.0,6.0
2022-10-27,0.01,2.4,0.01,0.01,0.01,0.01,2.0,0.01
2022-10-28,0.01,4.0,4.0,0.01,2.0,2.25,6.0,4.25
2022-10-29,0.01,10.4,2.0,4.8,6.8,4.0,6.0,8.25
2022-10-30,0.01,10.8,12.8,2.0,6.0,8.25,10.75,9.0
2022-10-31,0.01,2.8,0.01,0.01,2.0,0.01,0.01,4.5
2022-11-01,0.01,0.01,2.0,0.01,2.0,2.0,2.5,0.01
2022-11-02,2.0,2.4,8.8,4.0,2.0,6.0,8.5,9.0
2022-11-03,2.0,2.0,2.0,0.01,2.0,0.01,2.0,0.01
2022-11-04,4.5,8.8,4.4,2.0,4.4,9.0,8.5,0.01
2022-11-05,0.01,0.01,0.01,0.01,0.01,0.01,0.01,2.5
2022-11-06,6.5,10.0,4.0,0.01,4.0,10.75,8.75,0.01
2022-11-07,2.0,2.0,0.01,0.01,0.01,2.5,0.01,2.5
2022-11-08,4.25,11.6,4.8,0.01,5.6,8.5,2.25,2.5
2022-11-09,0.01,0.01,0.01,0.01,0.01,0.01,0.01,2.5
2022-11-10,0.01,4.8,4.0,0.01,2.0,6.5,4.25,0.01
2022-11-11,6.0,8.0,10.0,0.01,0.01,4.0,6.0,4.0
2022-11-12,5.0,12.0,8.0,0.01,4.0,5.0,7.25,6.75
2022-11-13,2.25,4.0,6.0,0.01,4.4,4.0,8.75,4.0
2022-11-14,0.01,0.01,0.01,0.01,0.01,0.01,0.01,0.01
2022-11-15,0.01,0.01,0.01,0.01,2.4,2.0,0.01,0.01
2022-11-16,4.25,4.0,10.0,0.01,6.8,4.5,6.5,6.5
2022-11-17,1.0,2.0,4.0,0.01,6.0,2.0,4.0,4.25
2022-11-18,4.0,8.0,6.0,0.01,4.0,6.0,8.0,6.0
2022-11-19,4.5,6.8,10.8,0.01,7.6,13.25,6.25,10.5
2022-11-20,6.0,6.54,9.6,0.01,10.0,10.25,10.75,7.0
2022-11-21,2.0,2.8,2.0,0.01,2.0,2.0,2.0,2.0
2022-11-22,0.01,4.4,2.0,0.01,2.0,4.0,4.0,2.5
2022-11-23,0.01,2.0,2.4,0.01,0.01,4.5,4.5,2.0
2022-11-24,2.0,2.4,2.0,0.01,0.01,0.01,2.0,0.01
2022-11-25,2.0,0.01,0.01,0.01,2.0,0.01,0.01,0.01
2022-11-26,2.0,6.4,6.4,0.01,2.4,4.0,2.0,2.0
2022-11-27,6.0,2.0,2.0,0.01,4.0,6.0,0.01,2.25
2022-11-28,2.5,4.4,2.4,0.01,2.4,2.5,2.5,4.75
2022-11-29,0.01,0.01,0.01,0.01,0.01,0.01,0.01,0.01
2022-11-30,0.01,0.01,0.01,0.01,2.0,2.0,2.0,0.01
2022-12-01,0.01,2.4,2.0,0.01,0.01,0.01,4.0,0.01
2022-12-02,4.0,6.0,4.0,0.01,2.0,2.0,4.0,2.0
2022-12-03,0.01,2.0,2.0,0.01,4.0,2.0,2.0,6.5
2022-12-04,9.25,12.0,8.4,0.01,4.0,7.0,11.0,6.75
2022-12-05,10.25,8.4,11.6,0.01,17.2,12.5,8.5,8.25
2022-12-06,0.01,0.01,0.01,0.01,0.01,0.01,0.01,0.01
2022-12-07,2.0,2.0,2.0,0.01,2.0,0.01,4.0,2.0
2022-12-08,4.0,2.0,2.8,0.01,2.0,4.0,2.0,0.01
2022-12-09,6.5,8.0,6.0,0.01,12.0,8.5,10.5,0.01
2022-12-10,4.5,4.0,4.0,0.01,2.0,4.5,7.0,0.01
2022-12-11,2.0,10.8,9.2,0.01,2.4,6.25,4.25,4.0
2022-12-12,0.01,2.4,2.0,0.01,0.01,2.0,2.0,2.0
2022-12-13,0.01,0.01,0.01,0.01,4.0,0.01,0.01,4.5
2022-12-14,0.01,0.01,0.01,0.01,0.01,0.01,0.01,0.01
2022-12-15,2.5,2.0,2.0,0.01,0.01,4.5,0.01,2.0
2022-12-16,6.5,7.2,1.0,0.01,2.0,2.0,0.01,2.5
2022-12-17,4.5,4.0,4.0,0.01,4.0,0.01,4.0,4.0
2022-12-18,6.5,6.0,6.0,0.01,4.0,4.5,9.0,4.75
2022-12-19,4.5,8.4,4.0,0.01,7.2,4.5,6.75,7.0
2022-12-20,0.01,0.01,2.4,0.01,0.01,2.0,2.0,2.0
2022-12-21,2.0,9.2,6.4,0.01,7.2,2.0,6.25,4.25
2022-12-22,2.0,0.01,6.8,0.01,2.0,4.0,6.0,0.01
2022-12-23,2.0,9.2,2.0,0.01,4.8,4.25,6.5,4.0
2022-12-24,0.01,0.01,0.01,0.01,0.01,0.01,0.01,0.01
2022-12-25,2.0,2.0,6.4,0.01,0.01,2.0,2.0,0.01
2022-12-26,0.01,4.0,0.01,0.01,0.01,0.01,2.25,0.01
2022-12-27,2.25,0.01,2.8,0.01,2.8,2.5,2.5,2.5
2022-12-28,0.01,2.0,0.01,2.0,2.0,2.0,2.0,2.0
2022-12-29,2.5,0.01,0.01,2.0,4.0,0.01,2.25,2.0
2022-12-30,0.01,0.01,0.01,8.0,7.2,6.0,6.0,2.0
2022-12-31,0.01,0.01,4.0,4.0,4.0,2.0,4.0,2.0
2023-01-01,2.25,4.0,4.8,2.0,2.0,4.25,2.0,4.25
2023-01-02,2.5,0.01,2.0,4.0,5.99,2.0,9.0,4.5
2023-01-03,2.0,0.01,2.0,4.0,0.01,4.0,0.01,2.0
2023-01-04,2.0,2.0,2.0,2.0,2.0,2.0,2.0,4.0
2023-01-05,0.01,2.0,2.0,0.01,0.01,2.0,2.0,0.01
2023-01-06,0.01,10.0,7.6,4.4,2.0,10.25,8.5,4.25
2023-01-07,0.01,2.0,2.0,0.01,0.01,0.01,2.0,2.0
2023-01-08,6.25,4.0,6.0,6.8,6.0,6.5,10.25,6.75
2023-01-09,9.25,4.8,4.0,4.0,6.8,6.5,6.25,4.0
2023-01-10,2.0,4.0,2.8,2.0,2.0,2.0,2.0,4.25
2023-01-11,2.5,4.0,0.01,0.01,2.4,2.0,0.01,2.0
2023-01-12,2.0,4.4,4.4,0.01,0.01,2.5,2.5,0.01
2023-01-13,6.0,6.8,2.4,6.8,4.0,4.0,8.25,6.25
2023-01-14,0.01,4.0,2.0,2.0,0.01,0.01,2.0,2.0
2023-01-15,2.0,2.0,4.0,6.4,0.01,4.0,5.34,0.01
2023-01-16,2.0,2.0,6.0,2.4,2.8,4.5,6.75,2.5
2023-01-17,9.0,9.2,8.8,0.01,8.8,5.0,9.5,2.0
2023-01-18,4.0,4.0,6.8,2.0,8.8,4.0,6.5,2.0
2023-01-19,0.01,0.01,0.01,0.01,0.01,0.01,0.01,0.01
2023-01-20,6.25,2.4,4.0,2.0,0.01,2.0,2.0,0.01
2023-01-21,2.0,8.0,6.0,2.0,0.01,0.01,4.0,6.0
2023-01-22,6.0,14.0,10.0,8.4,5.2,4.25,8.75,8.25
2023-01-23,2.25,4.0,2.0,2.8,2.8,2.25,2.0,6.75
2023-01-24,2.0,2.0,2.0,0.01,2.0,0.01,4.0,2.0
2023-01-25,2.0,0.01,2.0,2.8,4.8,2.0,0.01,2.5
2023-01-26,2.0,2.0,6.0,4.0,0.01,4.0,4.0,2.0
2023-01-27,2.0,2.4,2.0,0.01,0.01,0.01,2.0,0.01
2023-01-28,0.01,0.01,0.01,4.0,0.01,2.0,2.0,0.01
2023-01-29,6.5,6.0,8.4,4.4,2.4,8.5,6.5,4.25
2023-01-30,2.0,2.0,4.0,2.0,4.0,2.0,4.25,2.0
2023-01-31,0.01,0.01,2.0,2.0,0.01,0.01,4.0,2.0
2023-02-01,2.0,0.01,5.2,2.8,2.4,4.0,4.0,2.0
2023-02-02,0.01,0.01,2.0,0.01,2.0,4.0,0.01,0.01
2023-02-03,4.0,2.4,4.0,8.4,6.0,4.0,8.25,4.0
2023-02-04,4.25,6.4,4.0,2.4,2.4,4.75,4.5,4.0
2023-02-05,8.25,6.0,6.8,0.01,4.0,8.25,2.0,2.0
2023-02-06,2.0,2.0,6.0,0.01,0.01,0.01,0.01,2.0
2023-02-07,0.01,0.01,0.01,0.01,0.01,0.01,0.01,0.01
2023-02-08,0.01,2.0,2.0,0.01,0.01,4.75,2.25,0.01
2023-02-09,2.0,4.0,6.8,4.8,4.0,4.75,4.5,2.0
2023-02-10,6.5,9.2,6.4,8.4,11.6,8.5,13.0,6.5
2023-02-11,9.0,4.8,4.0,8.8,9.2,4.5,6.5,4.0
2023-02-12,6.0,2.0,2.0,4.0,6.0,4.25,4.25,6.5
2023-02-13,2.5,0.01,4.4,2.0,2.0,6.75,2.5,0.01
2023-02-14,2.0,2.4,2.4,2.8,0.01,2.0,2.0,0.01
2023-02-15,4.0,2.0,4.0,6.0,0.01,4.5,6.5,0.01
2023-02-16,0.01,0.01,0.01,2.4,0.01,0.01,0.01,2.25
2023-02-17,4.0,8.4,2.8,6.0,2.4,4.0,2.0,4.0
2023-02-18,6.5,4.4,6.8,12.4,4.4,9.5,6.75,9.25
2023-02-19,4.5,6.4,8.0,0.01,2.0,6.0,3.99,4.5
2023-02-20,5.0,4.4,2.0,2.0,4.0,4.25,6.75,4.75
2023-02-21,0.01,0.01,0.01,0.01,0.01,0.01,0.01,0.01
2023-02-22,0.01,4.0,0.01,0.01,2.0,4.25,2.0,2.0
2023-02-23,6.0,2.0,8.0,6.4,6.8,10.25,0.01,2.0
2023-02-24,0.01,0.01,0.01,0.01,0.01,0.01,0.01,0.01
2023-02-25,4.0,2.4,4.4,2.4,6.8,8.5,0.01,6.5
2023-02-26,8.0,7.2,7.6,2.0,6.0,6.0,2.0,6.75
2023-02-27,6.25,7.2,7.2,2.8,4.8,8.25,0.01,2.5
2023-02-28,0.01,0.01,0.01,0.01,0.01,0.01,0.01,0.01
2023-03-01,6.0,6.0,0.01,0.01,2.0,2.0,4.0,0.01
2023-03-02,6.5,2.8,2.0,6.4,7.2,6.5,6.0,6.0
2023-03-03,4.0,2.8,4.8,0.01,0.01,6.0,2.0,2.0
2023-03-04,0.01,4.0,6.0,2.0,0.01,4.0,4.0,8.5
2023-03-05,11.5,6.0,8.0,0.01,13.6,10.75,4.25,4.5
2023-03-06,0.01,0.01,0.01,0.01,2.0,2.0,0.01,0.01
2023-03-07,4.5,6.8,9.6,1.99,0.01,4.5,4.5,6.0
2023-03-08,2.25,0.01,0.01,2.0,2.0,0.01,0.01,2.0
2023-03-09,0.01,0.01,2.0,0.01,0.01,2.0,0.01,0.01
2023-03-10,2.0,0.01,2.8,0.01,2.0,6.25,2.0,0.01
2023-03-11,2.0,7.6,2.0,2.0,4.8,2.0,2.25,2.25
2023-03-12,2.0,4.0,4.0,4.0,4.0,2.5,6.5,11.0
2023-03-13,0.01,2.0,2.0,2.0,0.01,0.01,2.0,2.0
2023-03-14,2.5,2.4,2.4,4.4,4.4,2.5,4.5,4.5
2023-03-15,2.5,0.01,2.4,0.01,2.0,4.5,2.0,2.0
2023-03-16,6.5,4.4,4.8,6.4,9.2,0.01,6.25,12.0
2023-03-17,4.25,4.0,2.0,6.0,4.0,2.25,8.0,4.0
2023-03-18,5.0,2.4,6.8,6.0,4.0,9.0,4.5,2.5
2023-03-19,4.25,6.0,6.4,8.0,8.0,8.5,6.25,8.25
2023-03-20,2.0,0.01,4.0,0.01,2.0,2.0,2.5,0.01
2023-03-21,4.5,5.6,5.6,0.01,0.01,4.5,0.01,0.01
2023-03-22,0.01,2.0,2.0,0.01,0.01,0.01,2.0,2.0
2023-03-23,0.01,0.01,4.8,2.0,2.0,4.0,2.0,2.0
2023-03-24,2.0,4.0,2.0,4.0,2.0,2.0,2.0,2.0
2023-03-25,2.0,2.0,2.0,0.01,0.01,2.0,0.01,0.01
2023-03-26,6.0,8.0,10.4,12.4,10.0,8.75,11.0,6.5
2023-03-27,0.01,2.0,0.01,0.01,0.01,0.01,2.25,2.25
2023-03-28,0.01,0.01,0.01,0.01,2.0,0.01,0.01,2.0
2023-03-29,4.5,7.6,4.8,5.2,6.4,6.5,4.75,4.75
2023-03-30,2.0,2.0,2.4,2.8,10.4,4.25,4.0,2.0
2023-03-31,4.0,4.8,4.8,6.8,6.0,2.0,10.0,4.5
2023-04-01,2.25,2.0,4.0,2.0,4.0,6.5,6.5,2.25
2023-04-02,9.0,4.8,4.0,2.0,6.0,4.5,5.0,2.5
2023-04-03,13.0,10.8,14.8,13.6,13.6,19.25,11.25,13.25
2023-04-04,4.0,2.4,2.4,0.01,2.0,2.0,2.0,2.0
2023-04-05,0.01,2.0,4.0,0.01,0.01,0.01,0.01,2.0
2023-04-06,0.01,0.01,4.8,2.8,0.01,6.5,2.0,0.01
2023-04-07,0.01,2.0,2.0,0.01,0.01,4.5,4.5,2.25
2023-04-08,2.0,2.0,2.0,0.01,4.8,2.5,4.5,0.01
2023-04-09,0.01,0.01,0.01,4.0,2.0,2.0,6.5,0.01
2023-04-10,0.01,4.0,2.0,2.0,2.0,2.0,2.0,0.01
2023-04-11,2.0,0.01,0.01,2.0,3.99,4.0,2.0,0.01
2023-04-12,2.5,0.01,6.8,5.2,5.2,4.5,9.0,2.0
2023-04-13,2.0,4.0,5.6,2.0,2.0,4.5,6.75,0.01
2023-04-14,2.0,4.0,2.0,0.01,2.0,4.0,2.0,0.01
2023-04-15,8.25,2.0,4.0,6.0,4.0,2.0,6.25,4.0
2023-04-16,2.5,4.0,6.0,2.0,0.01,2.25,4.0,6.25
2023-04-17,0.01,0.01,0.01,2.4,2.4,0.01,2.0,0.01
2023-04-18,2.0,4.8,6.4,2.0,2.0,4.5,5.0,2.0
2023-04-19,4.5,8.0,8.4,6.4,12.0,11.25,8.5,6.5
2023-04-20,0.01,5.6,4.8,2.4,0.01,4.0,4.25,0.01
2023-04-21,4.0,6.0,4.4,2.0,2.0,6.5,6.5,3.58
2023-04-22,4.0,4.8,4.0,8.4,4.0,4.0,4.75,6.25
2023-04-23,6.5,2.4,6.0,6.0,2.0,4.25,4.5,2.5
2023-04-24,0.01,0.01,0.01,2.0,2.0,2.0,2.0,2.0
2023-04-25,11.0,2.4,11.2,6.4,6.4,8.5,13.0,8.5
2023-04-26,2.0,4.0,6.0,6.0,4.0,4.0,4.0,0.01
2023-04-27,0.01,0.01,2.4,0.01,2.0,4.5,0.01,0.01
2023-04-28,0.01,0.01,2.4,4.4,0.01,2.0,4.0,0.01
2023-04-29,4.0,6.0,4.8,2.0,2.0,4.0,2.0,4.5
2023-04-30,2.0,6.0,4.0,4.0,4.0,8.75,6.5,0.01
2023-05-01,8.0,8.8,10.4,6.8,8.8,10.5,8.75,8.0
2023-05-02,2.0,0.01,0.01,0.01,0.01,0.01,0.01,0.01
2023-05-03,4.0,5.6,7.2,5.2,6.0,4.0,4.25,6.25
2023-05-04,4.5,2.8,9.6,0.01,6.8,9.0,4.5,2.5
2023-05-05,0.01,9.2,6.4,0.01,7.2,4.0,6.0,2.0
2023-05-06,2.0,4.8,2.0,0.01,0.01,2.5,0.01,0.01
2023-05-07,4.0,4.4,4.0,4.0,2.0,4.0,4.0,2.5
2023-05-08,0.01,2.0,0.01,0.01,0.01,0.01,2.25,2.25
2023-05-09,6.0,2.0,2.0,4.0,6.0,6.0,2.0,2.0
2023-05-10,4.0,0.01,2.0,4.0,0.01,4.5,4.5,2.0
2023-05-11,0.01,0.01,2.4,4.0,4.0,4.5,0.01,0.01
2023-05-12,6.5,2.0,6.8,2.4,2.8,6.25,2.0,2.0
2023-05-13,0.01,0.01,4.0,0.01,0.01,4.0,0.01,0.01
2023-05-14,5.0,8.0,10.4,4.0,2.0,8.0,6.5,2.0
2023-05-15,0.01,0.01,0.01,0.01,0.01,0.01,0.01,0.01
