,6063,6056,6052,6070,6054,6053,6055,6080,6064,6062,6060,6059,6081,6058,6057
2021-11-16,0.01,0.01,0.01,0.01,0.01,0.01,0.01,0.01,0.01,0.01,0.01,0.01,0.01,0.01,0.01
2021-11-17,0.01,0.01,0.01,0.01,0.01,0.01,0.01,0.01,0.01,0.01,0.01,0.01,0.01,0.01,0.01
2021-11-18,0.01,0.01,0.01,0.01,0.01,0.01,0.01,0.01,0.01,0.01,0.01,0.01,0.01,0.01,0.01
2021-11-19,0.01,0.01,0.01,0.01,0.01,0.01,0.01,0.01,0.01,0.01,0.01,0.01,0.01,0.01,0.01
2021-11-20,0.01,0.01,0.01,0.01,0.01,0.01,0.01,0.01,0.01,0.01,0.01,0.01,0.01,0.01,0.01
2021-11-21,0.01,0.01,0.01,0.01,0.01,0.01,0.01,0.01,0.01,0.01,0.01,0.01,0.01,0.01,0.01
2021-11-22,0.01,0.01,0.01,0.01,0.01,0.01,0.01,0.01,0.01,0.01,0.01,0.01,0.01,0.01,0.01
2021-11-23,0.01,0.01,0.01,0.01,0.01,0.01,0.01,0.01,0.01,0.01,0.01,0.01,0.01,0.01,0.01
2021-11-24,0.01,0.01,0.01,0.01,0.01,0.01,0.01,0.01,0.01,0.01,0.01,0.01,0.01,0.01,0.01
2021-11-25,0.01,0.01,0.01,0.01,0.01,0.01,0.01,0.01,0.01,0.01,0.01,0.01,0.01,0.01,0.01
2021-11-26,0.01,0.01,0.01,0.01,0.01,0.01,0.01,0.01,0.01,0.01,0.01,0.01,0.01,0.01,0.01
2021-11-27,0.01,0.01,0.01,0.01,0.01,0.01,0.01,0.01,0.01,0.01,0.01,0.01,0.01,0.01,0.01
2021-11-28,0.01,0.01,0.01,0.01,0.01,0.01,0.01,0.01,0.01,0.01,0.01,0.01,0.01,0.01,0.01
2021-11-29,0.01,0.01,0.01,0.01,0.01,0.01,0.01,0.01,0.01,0.01,0.01,0.01,0.01,0.01,0.01
2021-11-30,0.01,0.01,0.01,0.01,0.01,0.01,0.01,0.01,0.01,0.01,0.01,0.01,0.01,0.01,0.01
2021-12-01,0.01,0.01,0.01,0.01,0.01,0.01,0.01,0.01,0.01,0.01,0.01,0.01,0.01,0.01,0.01
2021-12-02,0.01,0.01,0.01,0.01,0.01,0.01,0.01,0.01,0.01,0.01,0.01,0.01,0.01,0.01,0.01
2021-12-03,0.01,0.01,0.01,0.01,0.01,0.01,0.01,0.01,0.01,0.01,0.01,0.01,0.01,0.01,0.01
2021-12-04,0.01,0.01,0.01,0.01,0.01,0.01,0.01,0.01,0.01,0.01,0.01,0.01,0.01,0.01,0.01
2021-12-05,0.01,0.01,0.01,0.01,0.01,0.01,0.01,0.01,0.01,0.01,0.01,0.01,0.01,0.01,0.01
2021-12-06,0.01,0.01,0.01,0.01,0.01,0.01,0.01,0.01,0.01,0.01,0.01,0.01,0.01,0.01,0.01
2021-12-07,0.01,0.01,0.01,0.01,0.01,0.01,0.01,0.01,0.01,0.01,0.01,0.01,0.01,0.01,0.01
2021-12-08,0.01,0.01,0.01,0.01,0.01,0.01,0.01,0.01,0.01,0.01,0.01,0.01,0.01,0.01,0.01
2021-12-09,0.01,0.01,0.01,0.01,0.01,0.01,0.01,0.01,0.01,0.01,0.01,0.01,0.01,0.01,0.01
2021-12-10,0.01,0.01,0.01,0.01,0.01,0.01,0.01,0.01,0.01,0.01,0.01,0.01,0.01,0.01,0.01
2021-12-11,0.01,0.01,0.01,0.01,0.01,0.01,0.01,0.01,0.01,0.01,0.01,0.01,0.01,0.01,0.01
2021-12-12,0.01,0.01,0.01,0.01,0.01,0.01,0.01,0.01,0.01,0.01,0.01,0.01,0.01,0.01,0.01
2021-12-13,0.01,0.01,0.01,0.01,0.01,0.01,0.01,0.01,0.01,0.01,0.01,0.01,0.01,0.01,0.01
2021-12-14,0.01,0.01,0.01,0.01,0.01,0.01,0.01,0.01,0.01,0.01,0.01,0.01,0.01,0.01,0.01
2021-12-15,0.01,0.01,0.01,0.01,0.01,0.01,0.01,0.01,0.01,0.01,0.01,0.01,0.01,0.01,0.01
2021-12-16,0.01,0.01,0.01,0.01,0.01,0.01,0.01,0.01,0.01,0.01,0.01,0.01,0.01,0.01,0.01
2021-12-17,0.01,0.01,0.01,0.01,0.01,0.01,0.01,0.01,0.01,0.01,0.01,0.01,0.01,0.01,0.01
2021-12-18,0.01,0.01,0.01,0.01,0.01,0.01,0.01,0.01,0.01,0.01,0.01,0.01,0.01,0.01,0.01
2021-12-19,0.01,0.01,0.01,0.01,0.01,0.01,0.01,0.01,0.01,0.01,0.01,0.01,0.01,0.01,0.01
2021-12-20,0.01,0.01,0.01,0.01,0.01,0.01,0.01,0.01,0.01,0.01,0.01,0.01,0.01,0.01,0.01
2021-12-21,0.01,0.01,0.01,0.01,0.01,0.01,0.01,0.01,0.01,0.01,0.01,0.01,0.01,0.01,0.01
2021-12-22,0.01,0.01,0.01,0.01,0.01,0.01,0.01,0.01,0.01,0.01,0.01,0.01,0.01,0.01,0.01
2021-12-23,0.01,0.01,0.01,0.01,0.01,0.01,0.01,0.01,0.01,0.01,0.01,0.01,0.01,0.01,0.01
2021-12-24,0.01,0.01,0.01,0.01,0.01,0.01,0.01,0.01,0.01,0.01,0.01,0.01,0.01,0.01,0.01
2021-12-25,0.01,0.01,0.01,0.01,0.01,0.01,0.01,0.01,0.01,0.01,0.01,0.01,0.01,0.01,0.01
2021-12-26,0.01,0.01,0.01,0.01,0.01,0.01,0.01,0.01,0.01,0.01,0.01,0.01,0.01,0.01,0.01
2021-12-27,0.01,0.01,0.01,0.01,0.01,0.01,0.01,0.01,0.01,0.01,0.01,0.01,0.01,0.01,0.01
2021-12-28,0.01,0.01,0.01,0.01,0.01,0.01,0.01,0.01,0.01,0.01,0.01,0.01,0.01,0.01,0.01
2021-12-29,0.01,0.01,0.01,0.01,0.01,0.01,0.01,0.01,0.01,0.01,0.01,0.01,0.01,0.01,0.01
2021-12-30,0.01,0.01,0.01,0.01,0.01,0.01,0.01,0.01,0.01,0.01,0.01,0.01,0.01,0.01,0.01
2021-12-31,0.01,0.01,0.01,0.01,0.01,0.01,0.01,0.01,0.01,0.01,0.01,0.01,0.01,0.01,0.01
2022-01-01,0.01,0.01,0.01,0.01,0.01,0.01,0.01,0.01,0.01,0.01,0.01,0.01,0.01,0.01,0.01
2022-01-02,0.01,0.01,0.01,0.01,0.01,0.01,0.01,0.01,0.01,0.01,0.01,0.01,0.01,0.01,0.01
2022-01-03,0.01,0.01,0.01,0.01,0.01,0.01,0.01,0.01,0.01,0.01,0.01,0.01,0.01,0.01,0.01
2022-01-04,0.01,0.01,0.01,0.01,0.01,0.01,0.01,0.01,0.01,0.01,0.01,0.01,0.01,0.01,0.01
2022-01-05,0.01,0.01,0.01,0.01,0.01,0.01,0.01,0.01,0.01,0.01,0.01,0.01,0.01,0.01,0.01
2022-01-06,0.01,0.01,0.01,0.01,0.01,0.01,0.01,0.01,0.01,0.01,0.01,0.01,0.01,0.01,0.01
2022-01-07,0.01,0.01,0.01,0.01,0.01,0.01,0.01,0.01,0.01,0.01,0.01,0.01,0.01,0.01,0.01
2022-01-08,0.01,0.01,0.01,0.01,0.01,0.01,0.01,0.01,0.01,0.01,0.01,0.01,0.01,0.01,0.01
2022-01-09,0.01,0.01,0.01,0.01,0.01,0.01,0.01,0.01,0.01,0.01,0.01,0.01,0.01,0.01,0.01
2022-01-10,0.01,0.01,0.01,0.01,0.01,0.01,0.01,0.01,0.01,0.01,0.01,0.01,0.01,0.01,0.01
2022-01-11,0.01,0.01,0.01,0.01,0.01,0.01,0.01,0.01,0.01,0.01,0.01,0.01,0.01,0.01,0.01
2022-01-12,0.01,0.01,0.01,0.01,0.01,0.01,0.01,0.01,0.01,0.01,0.01,0.01,0.01,0.01,0.01
2022-01-13,0.01,0.01,0.01,0.01,0.01,0.01,0.01,0.01,0.01,0.01,0.01,0.01,0.01,0.01,0.01
2022-01-14,0.01,0.01,0.01,0.01,0.01,0.01,0.01,0.01,0.01,0.01,0.01,0.01,0.01,0.01,0.01
2022-01-15,0.01,0.01,0.01,0.01,0.01,0.01,0.01,0.01,0.01,0.01,0.01,0.01,0.01,0.01,0.01
2022-01-16,0.01,0.01,0.01,0.01,0.01,0.01,0.01,0.01,0.01,0.01,0.01,0.01,0.01,0.01,0.01
2022-01-17,0.01,0.01,0.01,0.01,0.01,0.01,0.01,0.01,0.01,0.01,0.01,0.01,0.01,0.01,0.01
2022-01-18,3.25,2.5,7.1,1.8,1.8,6.0,0.01,0.01,1.85,1.85,0.01,0.01,0.01,4.0,4.7
2022-01-19,10.15,3.2,13.8,3.6,3.6,14.5,0.01,0.01,3.95,7.9,4.25,2.0,0.01,4.25,5.35
2022-01-20,13.0,2.5,1.8,1.8,5.4,7.8,2.4,0.01,0.01,0.01,4.0,4.25,1.65,0.1,5.3
2022-01-21,12.85,2.95,3.6,3.0,10.8,13.2,4.8,0.01,1.95,5.8,8.75,0.01,0.01,2.0,7.5
2022-01-22,8.25,10.0,10.8,9.6,11.4,19.8,3.6,6.9,6.05,7.85,2.25,8.0,0.01,2.0,11.0
2022-01-23,9.75,2.85,5.65,0.6,11.4,4.2,0.01,0.01,5.8,3.7,4.25,2.0,0.01,4.0,7.5
2022-01-24,13.0,7.5,7.8,3.0,4.8,10.8,0.01,0.01,2.1,0.01,6.0,0.01,0.01,0.01,5.0
2022-01-25,10.15,5.0,13.2,3.6,10.8,10.8,0.01,0.01,0.01,6.05,4.0,2.0,0.01,4.25,7.85
2022-01-26,0.01,2.5,6.6,7.2,14.4,12.6,3.6,0.6,3.15,2.1,4.25,4.25,2.0,2.0,7.85
2022-01-27,5.3,5.0,5.4,2.4,1.8,1.8,0.01,0.01,1.85,0.01,2.0,0.01,0.01,2.0,2.85
2022-01-28,2.35,2.5,0.01,3.6,1.2,3.6,4.2,3.25,1.85,1.85,2.0,0.01,0.01,4.0,2.5
2022-01-29,6.5,8.6,6.0,4.2,6.0,9.0,6.6,6.6,3.95,3.95,8.25,4.0,6.0,6.0,7.5
2022-01-30,15.3,10.0,8.15,12.6,7.8,15.6,14.4,13.8,6.3,6.3,2.0,2.0,4.0,4.0,13.2
2022-01-31,3.25,7.5,3.6,5.4,5.4,10.8,12.0,9.75,2.1,3.95,0.01,1.55,2.0,2.0,7.85
2022-02-01,17.35,0.01,7.2,10.8,7.8,9.3,15.0,22.3,4.45,8.15,9.0,7.0,8.75,4.0,5.75
2022-02-02,3.25,5.0,2.2,1.8,4.2,3.6,7.8,2.55,0.01,2.1,5.75,1.1,2.0,2.0,5.0
2022-02-03,3.65,7.5,5.45,8.4,6.0,5.4,10.2,7.9,3.7,4.2,2.0,4.25,0.01,2.0,5.75
2022-02-04,13.25,17.5,9.0,21.6,10.8,8.6,5.4,13.0,3.7,1.85,2.0,4.25,4.0,6.5,10.0
2022-02-05,7.1,8.2,9.6,17.4,13.8,5.4,5.4,12.9,2.1,1.85,6.0,4.0,2.0,4.0,7.7
2022-02-06,13.4,2.5,10.8,22.8,14.4,21.0,14.4,23.05,1.85,4.9,8.0,8.0,7.35,8.5,12.85
2022-02-07,10.15,2.5,8.4,9.6,10.8,10.2,4.7,14.0,2.1,1.85,3.5,2.0,2.0,6.0,6.6
2022-02-08,3.35,2.5,5.4,3.6,3.6,6.0,6.0,6.5,3.7,3.7,4.25,4.25,2.25,2.0,2.5
2022-02-09,10.55,7.5,13.2,1.8,5.7,6.6,4.8,10.55,3.95,3.95,8.5,4.25,0.01,0.01,8.2
2022-02-10,15.35,5.0,6.3,10.8,6.0,10.8,10.8,16.25,1.45,1.95,0.01,4.0,2.0,2.0,7.5
2022-02-11,6.5,7.5,6.6,10.8,4.2,6.0,6.6,13.4,1.85,1.85,2.0,0.01,0.01,2.0,6.0
2022-02-12,7.3,5.55,6.0,11.7,7.2,14.4,9.0,13.0,3.7,3.7,8.25,5.0,6.5,12.25,10.35
2022-02-13,10.4,4.8,2.4,16.2,15.0,15.6,18.6,20.05,4.45,6.3,8.5,5.25,6.25,8.5,11.95
2022-02-14,3.65,2.5,0.01,0.01,1.8,4.6,6.0,7.3,0.01,0.01,0.01,2.25,2.25,4.5,2.85
2022-02-15,3.25,7.85,9.6,8.4,4.2,7.8,9.0,9.75,1.2,5.8,4.85,6.1,0.01,0.01,7.85
2022-02-16,6.5,5.0,7.8,4.5,4.2,1.8,11.45,6.5,5.55,5.8,2.0,2.0,2.0,2.0,7.85
2022-02-17,7.3,7.5,6.6,1.8,7.2,9.6,9.0,13.4,1.85,3.95,4.5,2.0,4.0,1.3,7.5
2022-02-18,10.15,5.0,11.4,21.6,4.2,6.0,9.0,6.9,7.4,14.9,6.0,6.25,2.0,6.0,10.7
2022-02-19,13.0,2.5,2.4,7.2,3.6,9.6,13.6,16.65,1.85,1.85,4.25,4.0,4.0,6.0,6.95
2022-02-20,6.5,5.0,3.6,3.0,6.0,7.2,6.6,6.5,2.1,2.1,4.0,0.01,2.0,2.0,2.5
2022-02-21,5.6,0.01,7.8,4.2,7.2,11.4,10.2,16.85,2.35,2.35,4.25,0.01,6.0,8.0,7.5
2022-02-22,3.25,5.0,3.6,3.6,3.6,2.15,5.4,3.25,1.85,3.7,4.5,2.5,2.0,4.0,0.01
2022-02-23,6.5,0.01,0.01,0.01,3.6,1.8,6.6,6.5,0.01,3.7,2.0,2.0,4.25,6.0,5.35
2022-02-24,16.65,7.5,1.8,10.8,9.6,13.8,18.0,9.75,1.85,1.85,4.25,2.0,6.0,2.0,6.95
2022-02-25,16.25,15.0,7.2,7.8,8.4,18.0,7.8,17.05,2.45,2.1,2.0,2.0,0.01,6.0,12.5
2022-02-26,13.0,2.5,3.6,10.5,11.4,3.6,3.6,13.0,5.55,5.55,0.01,4.0,4.0,4.25,7.5
2022-02-27,13.4,7.5,6.0,12.0,9.0,13.2,9.0,12.6,1.85,1.85,2.0,2.0,4.25,2.0,7.5
2022-02-28,17.45,5.35,2.4,7.2,10.2,5.4,16.2,6.9,1.85,3.7,2.0,2.25,4.25,4.75,12.85
2022-03-01,3.25,5.0,4.2,6.0,2.4,2.4,3.6,3.25,3.7,5.55,2.0,2.0,2.0,0.01,10.0
2022-03-02,3.25,2.85,7.2,5.4,3.6,6.0,3.6,10.5,0.01,1.85,6.25,5.85,2.25,2.25,2.85
2022-03-03,5.6,12.5,4.2,6.0,5.4,6.0,13.8,10.15,0.01,0.01,2.0,2.0,0.01,4.0,5.0
2022-03-04,19.5,12.5,10.2,6.0,9.6,10.2,10.8,12.9,1.85,5.55,2.0,2.0,2.25,6.25,10.0
2022-03-05,10.15,5.0,10.2,10.2,8.4,7.2,6.6,13.4,9.25,9.25,4.25,2.0,0.01,2.25,12.85
2022-03-06,10.15,10.35,7.8,12.0,3.6,2.4,12.6,9.75,2.7,6.05,4.25,8.25,4.0,6.0,12.5
2022-03-07,13.1,6.6,12.0,3.3,15.0,0.01,13.8,13.8,2.35,6.05,8.5,6.5,4.0,4.0,10.0
2022-03-08,6.5,0.01,5.4,5.4,13.6,0.01,9.6,6.5,3.7,3.7,4.0,2.0,2.25,2.0,5.0
2022-03-09,0.01,2.5,3.6,10.8,4.2,0.01,3.6,13.4,1.85,6.3,4.0,0.01,2.25,0.01,0.01
2022-03-10,7.45,5.0,7.8,7.8,11.4,0.01,11.4,9.05,0.01,1.85,6.0,2.0,6.25,4.0,7.85
2022-03-11,10.15,10.35,6.0,14.4,7.2,0.01,8.4,17.05,0.01,6.05,4.75,4.25,2.0,2.0,7.85
2022-03-12,6.5,12.5,9.6,17.7,13.8,0.01,9.0,19.5,1.85,3.7,4.0,6.0,0.01,4.0,10.0
2022-03-13,13.0,5.0,4.2,7.7,8.4,0.01,13.2,13.4,1.85,3.7,2.85,4.5,2.25,4.0,5.0
2022-03-14,6.9,0.01,5.4,10.8,7.2,1.8,3.0,9.75,1.85,3.95,4.25,0.01,2.0,4.0,5.35
2022-03-15,10.55,0.01,4.2,8.4,3.0,0.01,7.8,6.9,2.1,2.1,4.0,3.35,2.25,2.25,7.85
2022-03-16,6.5,2.5,5.4,9.0,6.3,0.01,5.4,13.0,2.1,3.7,8.25,5.6,2.0,2.0,5.0
2022-03-17,9.75,0.01,6.6,17.4,12.6,0.01,11.4,8.25,1.85,1.85,4.0,8.0,5.1,8.0,11.2
2022-03-18,9.75,4.1,0.01,6.0,4.2,7.8,15.6,9.75,3.95,5.55,2.0,0.01,0.01,0.01,5.0
2022-03-19,10.55,2.5,6.6,15.0,5.4,9.0,11.4,9.75,3.7,3.7,6.0,2.0,0.01,4.0,5.7
2022-03-20,22.65,10.0,3.0,19.2,20.4,16.8,24.0,26.4,3.95,5.8,13.35,8.25,4.0,4.0,9.1
2022-03-21,13.0,7.5,2.4,17.4,12.6,9.6,13.2,12.1,1.85,1.85,4.0,8.25,6.25,8.0,12.3
2022-03-22,0.01,2.85,0.01,4.2,4.2,5.4,5.4,6.5,1.85,0.01,2.0,2.0,2.25,6.25,5.7
2022-03-23,0.01,0.01,0.01,1.8,4.5,3.6,4.8,13.8,1.85,2.1,4.5,0.01,2.5,4.25,11.05
2022-03-24,9.25,2.85,0.01,13.8,5.4,8.4,18.6,7.7,3.7,3.7,8.75,4.25,2.25,8.75,14.6
2022-03-25,9.75,5.0,0.01,12.0,7.8,6.6,12.6,12.9,1.85,5.55,8.25,6.25,0.01,2.0,12.5
2022-03-26,8.85,11.6,4.8,16.2,14.4,13.8,16.2,25.0,16.65,12.95,4.0,4.0,0.01,6.0,15.35
2022-03-27,13.0,7.5,10.2,9.0,13.8,16.2,12.0,23.55,6.05,7.4,10.75,4.25,0.01,4.0,9.2
2022-03-28,3.65,5.0,10.2,6.0,2.4,7.2,10.2,9.75,1.85,1.85,4.25,2.25,0.01,5.35,12.85
2022-03-29,6.5,0.01,3.6,4.2,6.6,6.6,0.01,6.5,0.01,1.85,2.0,0.01,0.01,2.0,7.85
2022-03-30,2.35,2.5,4.2,1.8,1.8,1.8,2.4,6.5,0.01,1.85,2.0,2.0,0.01,0.01,0.01
2022-03-31,9.75,7.5,7.2,9.6,4.8,6.6,15.6,9.75,0.01,1.85,2.0,6.0,0.01,3.35,10.35
2022-04-01,6.9,2.5,4.8,12.6,6.6,7.2,9.0,10.15,3.7,1.85,6.25,2.0,4.0,4.0,10.0
2022-04-02,6.5,0.01,7.2,9.0,3.0,8.4,0.01,13.0,2.1,1.85,0.01,0.01,0.01,0.01,5.0
2022-04-03,13.8,10.7,5.4,8.4,12.0,15.0,19.2,12.1,2.45,5.8,8.75,2.0,2.25,4.25,10.0
2022-04-04,10.15,6.0,9.0,6.0,10.2,12.6,13.8,19.5,3.95,3.7,4.0,2.0,4.0,6.0,10.35
2022-04-05,10.55,5.0,3.6,3.6,6.6,7.8,7.2,9.75,1.85,1.85,6.25,4.25,0.01,4.0,10.7
2022-04-06,7.3,2.5,1.8,3.9,6.0,5.4,10.2,7.3,1.85,3.7,10.25,2.0,2.0,0.01,10.0
2022-04-07,14.2,12.5,12.0,13.8,10.2,2.7,10.8,16.65,7.65,4.2,4.2,4.0,4.0,4.5,6.0
2022-04-08,9.75,2.5,10.2,9.0,9.0,7.2,6.0,16.25,9.5,5.8,10.0,2.0,6.0,6.0,5.0
2022-04-09,18.6,12.5,12.6,19.8,12.9,12.0,15.6,25.5,1.85,5.8,6.0,3.35,4.0,4.0,13.5
2022-04-10,26.3,7.5,6.3,13.2,18.9,16.8,16.8,26.4,5.15,7.9,12.25,11.65,4.0,6.0,17.85
2022-04-11,6.9,1.35,9.6,9.6,6.6,3.6,12.6,3.65,4.2,2.1,4.25,2.0,2.25,2.25,13.2
2022-04-12,16.25,7.85,6.0,5.4,1.8,11.4,15.0,13.0,1.85,0.95,4.5,0.01,0.01,4.5,9.45
2022-04-13,16.65,5.0,0.01,9.6,15.0,13.8,14.4,26.0,3.95,3.05,8.25,4.0,0.01,10.25,10.35
2022-04-14,17.05,5.0,11.4,7.2,3.6,11.4,15.6,23.15,3.7,9.75,8.0,0.01,0.01,2.0,10.7
2022-04-15,0.01,0.01,6.6,10.2,0.01,4.5,5.4,6.5,5.8,5.55,10.25,8.0,2.0,2.0,2.5
2022-04-16,8.65,8.2,9.6,16.8,1.8,14.4,12.0,16.65,7.9,7.9,10.5,4.0,4.0,2.0,12.5
2022-04-17,20.7,2.5,19.8,14.4,7.2,9.6,6.3,23.55,2.1,2.1,6.25,7.1,2.0,2.0,10.7
2022-04-18,3.25,5.0,2.4,4.2,12.6,6.0,4.2,3.25,1.85,1.85,6.0,6.0,4.0,2.0,5.0
2022-04-19,18.4,7.85,2.4,10.2,13.8,13.2,0.01,10.55,3.95,2.1,2.25,4.25,2.25,6.25,7.85
2022-04-20,0.01,0.01,1.8,1.8,0.01,1.8,1.8,6.5,0.01,3.95,2.25,0.01,0.01,0.01,0.01
2022-04-21,9.75,2.85,15.05,10.8,6.6,7.8,10.2,21.85,7.65,1.85,8.25,4.0,5.35,0.01,10.0
2022-04-22,3.25,5.0,0.01,7.2,3.0,4.2,1.8,6.9,8.15,0.01,0.01,0.01,0.01,0.01,2.5
2022-04-23,10.35,10.7,13.2,9.6,9.6,11.4,13.5,18.6,3.7,5.8,4.0,8.25,2.0,6.5,15.7
2022-04-24,6.5,10.7,3.6,12.0,7.8,18.6,21.6,26.0,0.01,1.85,13.0,8.0,6.0,10.25,16.05
2022-04-25,13.4,5.0,5.4,5.4,10.8,10.8,9.6,6.5,0.01,0.01,2.0,4.0,6.0,4.0,10.0
2022-04-26,3.65,0.01,3.6,0.01,1.8,3.0,8.4,6.9,1.85,1.85,4.0,2.0,0.01,4.0,2.5
2022-04-27,3.65,7.5,6.0,4.2,2.4,7.8,11.4,6.9,1.85,3.7,6.0,4.0,2.25,8.95,12.85
2022-04-28,13.8,10.0,9.0,10.2,9.0,10.8,16.2,14.65,1.85,2.8,6.0,6.0,8.5,8.0,12.5
2022-04-29,8.1,10.0,7.8,6.0,0.01,17.4,7.8,18.7,8.65,5.55,8.5,2.0,4.0,6.0,12.5
2022-04-30,7.3,7.85,14.4,12.6,0.01,9.6,13.8,10.15,4.15,8.15,6.5,4.0,0.01,0.01,8.55
2022-05-01,9.25,12.5,12.0,18.6,0.01,12.6,12.0,9.75,3.95,4.45,14.5,6.5,0.01,0.01,12.3
2022-05-02,3.25,12.3,9.6,12.6,3.6,13.8,12.0,6.9,6.3,5.8,9.85,8.5,0.01,2.0,18.9
2022-05-03,9.75,2.5,1.8,4.8,6.6,4.2,3.6,13.4,0.01,0.01,0.01,0.01,0.01,0.01,7.5
2022-05-04,3.25,5.0,3.6,5.4,2.4,4.2,9.0,10.55,2.1,1.85,6.5,2.0,2.0,0.01,0.01
2022-05-05,9.75,7.5,7.2,8.4,7.8,1.8,10.8,9.75,4.2,1.85,0.01,2.0,4.0,0.01,12.5
2022-05-06,3.25,7.5,13.8,9.3,8.4,7.2,9.6,13.0,7.65,9.75,6.0,6.5,4.25,2.25,7.5
2022-05-07,19.5,12.5,17.4,17.4,8.4,16.2,10.2,13.0,5.55,9.5,4.0,4.0,4.0,6.0,11.6
2022-05-08,6.9,5.0,5.4,5.4,8.4,10.8,10.8,10.15,3.3,3.7,4.0,4.25,2.0,4.0,9.8
2022-05-09,0.01,2.5,7.8,1.8,0.01,0.01,1.8,2.35,0.01,0.01,2.0,3.1,0.01,2.25,7.4
2022-05-10,16.65,5.35,3.0,13.8,5.4,10.8,13.8,13.4,0.01,0.01,4.5,2.5,4.5,4.5,12.2
2022-05-11,16.65,5.0,6.6,10.2,8.4,12.0,11.4,17.05,1.85,1.85,0.01,0.01,4.0,8.0,15.0
2022-05-12,9.75,7.5,12.0,14.4,5.1,11.4,9.0,16.55,7.25,9.5,4.25,4.75,6.75,6.25,15.35
2022-05-13,12.1,5.0,5.4,6.6,10.8,8.4,15.6,13.0,3.7,9.5,10.25,0.01,2.0,2.0,7.5
2022-05-14,6.5,12.5,7.2,9.0,8.4,5.4,13.8,13.4,1.85,5.55,4.0,0.01,0.01,0.01,5.35
2022-05-15,13.8,10.0,16.2,8.4,13.8,15.6,11.7,17.05,3.7,3.95,6.0,4.0,6.0,4.0,15.7
2022-05-16,23.95,8.55,14.4,12.9,14.4,15.6,16.8,19.5,7.65,5.55,14.5,8.5,2.5,2.0,11.7
2022-05-17,9.75,5.0,0.01,2.4,4.2,3.6,9.0,0.01,1.85,1.85,2.0,0.01,0.01,2.0,5.0
2022-05-18,6.5,0.01,0.01,4.2,13.2,13.2,10.2,9.75,1.85,5.8,6.0,8.0,4.0,4.0,0.01
2022-05-19,6.5,5.0,3.6,3.6,7.2,10.2,6.0,10.15,1.85,5.55,2.25,4.5,4.5,8.75,3.85
2022-05-20,3.25,5.0,1.8,3.9,4.8,3.6,7.2,6.9,1.85,3.7,6.0,6.0,4.0,2.0,5.0
2022-05-21,9.7,7.5,11.4,11.4,9.0,17.4,15.6,22.75,3.7,1.85,7.1,6.0,4.0,6.0,6.0
2022-05-22,16.25,9.1,9.6,16.2,10.8,13.2,9.6,21.85,5.8,9.75,12.25,10.0,8.0,6.0,15.0
2022-05-23,7.15,8.2,9.0,9.6,10.8,6.0,16.2,13.4,4.2,6.05,8.0,4.0,4.5,2.5,8.2
2022-05-24,9.25,5.0,0.01,4.8,6.0,12.0,12.6,10.15,0.01,0.01,2.25,2.25,4.0,2.0,7.85
2022-05-25,6.5,5.0,9.3,9.0,8.7,13.3,18.6,3.25,3.7,3.7,4.25,6.25,4.0,8.25,5.0
2022-05-26,6.9,5.0,4.2,4.2,1.8,3.6,10.2,10.55,1.85,5.6,8.25,4.0,3.1,2.0,7.5
2022-05-27,3.25,7.5,3.6,11.4,8.7,10.8,10.8,9.75,5.8,5.55,2.0,2.0,2.0,2.0,5.0
2022-05-28,16.65,7.5,6.0,10.2,13.0,12.6,15.0,26.0,7.9,7.4,8.5,6.5,0.01,2.0,17.5
2022-05-29,13.0,5.0,13.2,20.4,12.0,9.0,12.6,16.15,3.7,1.85,8.0,10.0,2.0,4.0,12.5
2022-05-30,13.0,7.5,10.8,15.0,15.6,19.8,18.6,13.25,7.45,3.7,8.0,4.25,4.25,6.0,16.95
2022-05-31,15.4,5.35,7.5,12.0,6.0,4.2,13.8,7.3,5.15,6.3,8.25,6.25,6.25,12.0,14.95
2022-06-01,12.9,7.5,7.2,8.4,5.1,11.4,12.6,16.65,5.55,1.85,6.0,6.0,4.0,4.0,7.5
2022-06-02,6.5,0.01,0.01,3.0,3.6,3.6,3.0,6.5,0.01,3.7,0.01,0.01,4.0,0.01,2.5
2022-06-03,6.5,10.35,0.01,8.4,6.0,10.2,18.0,20.7,3.7,1.85,4.25,2.25,2.25,0.01,14.1
2022-06-04,16.25,15.0,16.2,15.3,7.8,17.4,19.2,16.25,5.15,6.05,1.1,6.25,8.0,6.0,12.85
2022-06-05,16.85,10.0,14.4,22.8,10.8,10.2,17.4,20.3,6.05,3.7,0.01,14.75,8.25,6.25,11.6
2022-06-06,3.65,2.5,0.01,4.2,1.8,5.4,7.2,6.9,5.8,6.05,0.01,1.35,2.25,4.0,7.85
2022-06-07,13.8,5.0,12.0,8.4,7.8,9.0,6.6,13.4,0.95,0.01,6.5,8.0,4.25,4.0,10.35
2022-06-08,6.5,0.01,0.01,9.6,0.01,7.2,6.0,13.4,0.01,1.85,2.0,0.01,6.0,2.0,5.0
2022-06-09,9.75,6.6,10.2,10.2,10.8,9.0,13.2,15.35,6.05,3.7,0.01,2.25,2.25,6.25,7.85
2022-06-10,6.5,5.0,4.2,8.4,6.6,1.8,8.4,9.75,3.7,7.65,2.0,0.01,0.01,0.01,5.0
2022-06-11,9.75,5.0,3.6,5.4,10.8,19.8,14.4,10.95,4.2,5.8,13.0,13.0,8.25,6.0,10.7
2022-06-12,15.25,7.5,7.2,15.0,11.4,12.9,11.1,23.55,5.55,7.9,8.0,2.0,2.0,4.25,10.0
2022-06-13,9.75,5.0,12.6,16.2,10.8,20.4,19.2,19.3,4.65,9.25,10.25,14.1,12.0,12.5,15.7
2022-06-14,3.25,7.85,1.8,4.2,4.8,7.8,10.2,9.25,3.7,5.55,4.0,5.1,2.25,2.0,7.85
2022-06-15,3.25,2.5,0.01,2.4,6.0,5.1,9.6,3.25,3.95,3.95,2.0,4.0,0.01,0.01,2.5
2022-06-16,6.9,15.35,4.2,9.6,6.6,7.8,15.0,9.65,0.01,4.2,7.0,2.0,8.25,8.5,10.7
2022-06-17,9.75,10.35,7.8,11.4,16.8,13.2,10.8,13.0,1.85,5.55,4.0,2.0,6.0,8.25,9.45
2022-06-18,7.3,10.35,7.8,14.4,10.2,7.8,12.0,16.65,3.7,3.7,8.5,6.25,2.25,1.35,18.2
2022-06-19,13.0,5.0,8.4,13.8,9.6,16.2,13.67,17.05,3.7,5.8,8.25,8.25,6.25,0.01,10.0
2022-06-20,6.5,7.85,5.4,8.4,12.0,12.6,16.2,19.9,3.95,7.0,6.0,8.0,8.0,0.01,12.5
2022-06-21,0.01,5.0,2.4,2.4,1.2,5.4,5.4,6.9,1.85,3.7,0.01,2.0,2.0,0.01,5.0
2022-06-22,2.35,2.5,5.4,7.8,3.6,5.4,5.4,9.75,0.01,0.01,4.0,2.0,8.5,0.01,10.0
2022-06-23,10.55,2.5,13.2,6.6,7.2,7.8,18.0,20.3,1.85,0.95,14.0,12.0,8.0,0.01,7.5
2022-06-24,13.0,7.85,5.4,3.6,6.6,11.4,10.8,13.0,3.7,3.7,9.35,6.0,6.0,0.01,10.35
2022-06-25,3.25,0.01,0.01,12.6,6.0,6.0,7.8,13.0,3.7,3.7,2.0,6.25,2.25,0.75,5.0
2022-06-26,23.95,5.35,12.0,18.0,11.4,15.0,15.6,12.9,11.35,7.9,12.75,8.25,4.75,4.25,13.2
2022-06-27,19.5,9.1,9.6,15.0,13.8,15.0,15.6,22.75,5.8,3.7,12.25,12.25,4.25,0.01,15.7
2022-06-28,8.85,2.5,4.8,4.8,10.2,10.2,12.0,13.0,3.7,3.7,4.0,2.0,2.0,0.01,10.0
2022-06-29,6.9,7.85,7.8,9.0,10.2,10.2,13.2,9.05,7.4,5.55,4.0,12.25,8.25,2.0,12.85
2022-06-30,5.8,10.0,3.0,12.6,7.2,6.6,12.9,6.4,3.7,3.95,4.25,6.5,6.5,2.0,11.05
2022-07-01,20.7,8.2,8.7,28.2,13.8,15.0,22.2,27.2,6.05,7.9,14.5,13.25,5.0,2.0,10.75
2022-07-02,10.55,6.6,1.8,13.2,7.8,19.2,19.2,11.5,5.55,3.7,2.0,4.25,2.25,6.25,19.1
2022-07-03,6.5,0.01,1.8,1.8,1.8,5.4,4.8,6.5,0.01,0.01,2.0,0.01,0.01,0.01,5.0
2022-07-04,9.75,7.5,16.5,12.0,15.6,9.6,8.4,17.7,5.8,5.8,8.0,4.0,4.0,3.5,15.0
2022-07-05,13.0,5.0,10.2,10.8,6.0,7.2,8.4,13.0,1.85,9.5,6.25,4.25,6.5,6.0,10.0
2022-07-06,5.0,7.5,3.0,10.2,7.8,4.8,6.0,7.3,3.95,3.95,6.25,2.0,2.0,2.0,2.5
2022-07-07,6.5,8.2,5.4,1.8,10.2,9.6,12.0,16.25,7.4,1.85,4.0,2.0,6.0,2.0,5.0
2022-07-08,6.9,10.0,6.0,11.4,7.8,14.4,13.2,8.25,3.7,3.7,10.25,6.0,8.0,6.0,6.6
2022-07-09,0.01,7.5,4.2,5.4,4.2,4.2,5.4,6.5,5.55,1.85,0.01,3.1,2.0,2.0,5.0
2022-07-10,13.0,5.35,12.0,10.8,5.4,15.6,21.6,13.8,1.85,5.25,6.0,6.0,9.35,12.25,10.35
2022-07-11,10.55,5.0,4.8,5.4,7.2,13.2,10.2,8.85,4.45,4.2,4.0,2.25,4.0,4.0,5.35
2022-07-12,3.25,7.5,1.8,4.8,1.8,7.2,6.4,0.01,5.8,5.8,2.25,2.0,2.0,4.0,5.0
2022-07-13,2.35,5.7,2.4,5.4,5.4,5.4,8.4,9.75,1.85,1.85,4.0,2.0,6.5,6.5,20.35
2022-07-14,9.25,5.7,0.01,5.4,7.8,7.2,9.0,13.4,1.85,3.7,6.0,4.0,4.25,2.25,8.2
2022-07-15,13.4,12.65,15.6,17.7,13.2,12.0,20.4,22.75,9.25,9.25,11.1,11.35,12.25,10.25,10.35
2022-07-16,16.65,10.0,26.1,21.0,9.0,10.8,6.0,18.8,8.15,6.3,6.5,4.0,4.0,16.0,13.2
2022-07-17,15.35,5.0,27.0,19.2,12.0,12.0,7.2,23.55,3.7,5.55,2.0,2.0,6.0,4.0,15.35
2022-07-18,7.7,2.5,0.01,0.01,4.2,9.0,7.8,10.95,0.01,0.01,4.25,2.0,0.01,0.01,2.5
2022-07-19,0.01,5.0,1.8,0.01,1.8,4.2,4.8,0.01,3.7,0.01,4.0,2.0,2.0,2.0,5.0
2022-07-20,9.75,5.0,10.2,5.1,10.8,15.0,19.2,13.8,2.1,2.6,12.0,8.25,10.0,6.25,17.85
2022-07-21,6.5,7.5,3.6,3.6,5.4,8.4,13.2,3.25,5.55,7.4,2.0,2.0,4.25,4.25,5.0
2022-07-22,13.8,8.2,15.0,21.6,4.2,4.2,3.0,16.15,7.9,3.7,10.5,4.0,9.0,4.5,13.9
2022-07-23,3.25,5.35,7.8,7.2,0.01,9.0,12.0,5.4,6.8,4.45,5.5,4.75,4.25,6.25,10.35
2022-07-24,16.25,7.5,6.6,16.8,17.4,13.8,15.9,26.8,8.15,7.65,6.0,10.0,14.0,8.0,15.35
2022-07-25,6.5,12.5,6.0,7.2,5.4,8.4,1.8,3.25,0.01,0.01,4.0,2.0,6.0,2.0,2.5
2022-07-26,6.5,5.0,4.8,4.2,5.4,5.4,6.0,13.0,1.85,1.85,2.0,0.01,0.01,4.0,7.85
2022-07-27,13.8,0.01,10.8,13.2,12.0,6.6,7.9,13.4,4.2,4.2,4.25,6.5,10.0,6.0,4.1
2022-07-28,6.5,7.5,7.2,3.6,1.8,10.8,12.9,9.75,3.7,3.7,4.0,6.0,0.01,2.25,5.0
2022-07-29,10.15,0.01,0.6,6.6,9.0,12.0,15.6,13.4,3.95,5.8,4.25,2.0,5.1,4.0,5.35
2022-07-30,32.9,14.2,26.4,20.4,18.6,21.6,21.6,25.9,9.75,9.35,6.75,10.25,12.25,14.35,17.5
2022-07-31,6.9,5.35,5.4,7.2,13.8,11.4,9.9,13.0,4.45,7.45,6.5,4.0,6.0,4.0,7.5
2022-08-01,0.01,5.35,1.8,1.8,1.8,6.6,9.0,9.75,3.7,3.7,2.25,0.01,0.01,4.0,10.0
2022-08-02,2.35,5.0,4.8,1.8,0.01,4.2,6.6,0.01,0.01,0.01,4.0,4.0,2.0,2.0,5.0
2022-08-03,8.25,7.5,0.01,5.4,3.6,9.6,9.3,6.5,1.85,3.7,4.0,4.0,0.01,4.2,7.5
2022-08-04,3.25,5.0,0.01,1.8,6.0,5.4,10.8,3.25,5.55,4.05,0.01,4.0,4.0,4.0,7.5
2022-08-05,16.25,5.0,11.4,14.4,5.4,14.4,10.8,16.65,3.95,6.05,6.25,2.0,9.35,6.0,10.35
2022-08-06,4.05,5.0,1.8,0.01,6.0,9.0,10.2,4.05,3.7,1.85,4.0,8.0,8.5,6.5,5.7
2022-08-07,16.65,8.2,15.6,19.2,10.5,10.2,16.8,23.55,3.95,6.05,4.0,4.0,4.0,8.5,15.35
2022-08-08,21.1,7.5,9.0,12.0,17.6,9.6,15.0,21.1,6.05,5.55,6.25,4.0,7.1,4.0,10.35
2022-08-09,9.75,2.5,11.4,4.5,11.4,4.8,6.6,9.75,1.85,3.7,0.01,4.0,2.0,2.0,12.5
2022-08-10,6.5,7.5,4.8,7.2,3.0,5.4,7.2,9.75,0.01,2.1,2.0,2.0,0.01,0.01,7.85
2022-08-11,9.75,5.35,9.0,6.6,9.6,4.8,10.8,6.5,9.25,7.65,7.35,4.0,2.0,6.25,8.2
2022-08-12,14.75,7.5,8.4,12.6,9.6,16.2,19.2,15.35,3.7,5.55,4.0,4.0,6.0,6.0,14.1
2022-08-13,6.5,12.5,1.8,15.6,7.5,10.2,13.8,14.6,3.7,5.55,6.5,8.5,9.0,15.5,19.8
2022-08-14,13.0,5.0,8.4,13.2,18.0,12.6,13.2,22.75,0.01,0.01,2.0,2.0,2.0,6.0,10.35
2022-08-15,3.25,2.5,3.6,5.4,3.6,0.01,7.8,3.25,0.01,3.7,4.0,2.0,2.0,2.0,5.0
2022-08-16,0.01,5.0,5.4,2.4,4.8,2.4,6.0,3.25,1.85,1.85,4.0,4.0,2.0,2.0,2.5
2022-08-17,7.3,10.7,6.6,5.4,7.8,14.4,14.4,13.8,3.95,3.95,4.0,6.0,2.0,6.5,10.7
2022-08-18,6.9,4.1,5.4,0.01,5.4,9.6,7.5,9.75,1.85,3.7,6.25,6.0,4.0,4.0,5.0
2022-08-19,6.5,7.5,3.6,11.4,6.6,7.2,7.8,6.5,3.95,7.9,6.0,6.0,8.25,4.25,5.0
2022-08-20,9.75,10.0,5.4,11.4,5.4,13.8,13.2,15.35,0.01,1.85,4.0,4.0,4.0,10.0,15.0
2022-08-21,31.65,17.85,30.6,30.6,16.5,28.2,18.9,19.5,7.65,13.95,12.5,17.5,12.6,8.5,23.1
2022-08-22,14.2,7.5,9.0,4.8,9.0,12.0,10.8,7.3,0.01,0.01,6.0,2.25,4.0,6.0,15.0
2022-08-23,6.5,2.5,6.0,6.0,8.4,6.6,3.6,6.5,3.7,3.7,2.0,6.5,4.5,0.01,2.5
2022-08-24,7.3,2.85,1.8,5.4,0.01,3.0,4.2,4.05,0.01,0.01,4.0,1.1,2.0,0.01,5.0
2022-08-25,20.2,5.0,5.4,7.2,3.6,12.6,16.2,16.15,4.2,4.2,8.0,4.25,2.0,6.5,5.0
2022-08-26,13.0,12.5,11.4,11.4,0.01,16.8,15.9,19.5,3.7,4.65,10.0,4.0,4.0,6.0,10.0
2022-08-27,18.6,9.1,22.5,17.4,0.01,12.6,15.6,16.25,3.4,1.85,6.0,4.0,6.0,8.0,12.5
2022-08-28,6.5,10.0,8.4,10.2,0.01,8.4,11.4,3.25,2.8,1.85,10.5,5.0,8.25,6.25,10.0
2022-08-29,16.65,8.2,9.0,15.6,0.01,10.2,9.6,20.3,3.95,5.8,2.25,4.25,6.25,4.25,10.35
2022-08-30,3.25,5.0,1.8,0.01,0.01,0.6,10.2,6.5,0.01,1.85,4.0,0.01,2.25,2.0,0.01
2022-08-31,9.75,2.5,9.6,9.6,0.01,9.6,7.8,9.75,0.01,5.55,5.1,2.0,2.0,0.01,2.5
2022-09-01,18.25,2.85,9.0,15.0,1.8,3.9,9.3,6.9,4.2,3.95,2.25,0.01,0.01,2.0,12.5
2022-09-02,6.5,7.5,5.4,7.2,0.01,8.4,11.4,6.5,1.85,5.55,2.0,8.0,4.5,6.0,12.5
2022-09-03,15.15,7.5,13.8,12.6,0.01,10.5,20.4,17.45,4.9,5.8,10.25,8.25,4.0,4.0,10.35
2022-09-04,16.65,10.0,10.2,10.8,12.3,3.0,5.4,16.25,5.8,5.8,4.0,6.0,6.0,4.5,12.85
2022-09-05,13.0,5.0,5.4,1.8,7.2,10.2,20.4,16.25,4.2,6.05,6.25,8.5,8.5,4.5,12.5
2022-09-06,10.15,3.5,6.0,7.2,6.6,7.2,9.0,6.5,1.85,1.85,6.0,2.0,6.0,6.0,7.5
2022-09-07,0.01,2.5,3.6,3.6,0.01,4.2,8.4,3.25,3.7,5.55,2.0,2.0,0.01,4.0,7.5
2022-09-08,14.75,11.0,15.0,12.6,15.6,11.4,19.65,15.35,3.95,2.1,6.0,6.0,6.0,4.0,15.0
2022-09-09,20.3,15.7,12.9,19.2,13.8,10.2,18.0,23.95,1.85,1.85,2.0,6.0,5.25,8.0,17.5
2022-09-10,9.75,2.5,4.8,7.2,2.1,10.8,13.2,16.65,1.85,0.95,4.0,4.0,4.0,4.0,5.35
2022-09-11,13.0,10.0,5.4,8.4,8.4,10.8,9.0,13.0,2.1,5.55,8.5,8.0,6.0,6.0,7.85
2022-09-12,3.65,2.5,4.8,4.8,6.0,3.0,3.0,13.0,0.01,0.01,4.25,2.0,4.0,4.0,5.0
2022-09-13,9.75,5.0,3.0,4.8,6.6,6.6,12.0,5.6,0.01,0.01,2.0,2.0,10.75,4.25,7.5
2022-09-14,0.01,2.5,3.6,0.01,1.8,1.8,10.8,9.75,0.01,1.85,2.0,4.0,4.25,4.0,7.5
2022-09-15,3.25,12.5,0.01,1.8,4.8,4.8,18.6,6.5,0.01,3.7,2.0,0.01,2.0,4.0,5.0
2022-09-16,6.5,10.0,10.2,8.4,6.6,9.0,5.4,13.8,7.4,5.55,6.0,8.5,6.0,8.0,2.5
2022-09-17,13.0,7.85,9.0,13.2,13.2,10.2,15.6,13.0,3.7,7.4,9.1,12.25,10.5,8.0,0.01
2022-09-18,30.45,19.45,7.8,28.8,18.0,25.8,26.4,23.15,6.3,7.4,12.25,12.25,8.5,14.0,0.01
2022-09-19,0.01,5.5,1.8,4.2,4.8,7.8,5.4,0.01,0.01,3.95,8.25,4.0,4.0,2.0,7.5
2022-09-20,6.5,0.01,1.8,4.8,3.0,1.8,3.6,3.65,1.85,1.85,2.0,2.0,0.01,2.0,0.01
2022-09-21,3.25,7.5,4.2,5.4,0.01,2.4,4.8,0.01,1.85,0.01,2.0,2.0,0.01,2.0,9.1
2022-09-22,3.25,0.01,0.01,1.8,3.0,0.01,4.8,6.5,0.01,0.01,0.01,0.01,2.0,0.01,2.5
2022-09-23,6.5,5.0,7.8,10.2,7.8,10.8,13.2,9.75,5.55,7.9,2.0,6.0,6.0,6.0,10.0
2022-09-24,2.35,0.01,0.01,5.4,3.0,4.2,8.4,3.25,1.85,0.01,4.25,2.0,6.25,8.25,5.0
2022-09-25,19.9,2.5,10.8,12.6,9.6,14.4,22.2,16.65,7.65,0.01,12.5,6.0,3.1,2.0,12.5
2022-09-26,9.75,7.5,20.4,18.0,15.0,16.2,14.7,16.25,3.7,4.2,10.5,10.0,11.85,8.0,12.5
2022-09-27,9.75,15.0,16.8,19.8,4.8,17.4,10.8,23.55,7.4,10.7,12.25,8.25,4.0,4.0,12.85
2022-09-28,3.25,2.5,7.2,3.6,1.8,5.4,11.4,3.25,1.85,1.85,4.0,6.25,4.0,4.0,5.0
2022-09-29,6.5,7.5,4.8,5.4,5.4,13.2,16.8,6.5,5.55,7.4,0.01,6.0,3.1,6.0,11.6
2022-09-30,20.7,10.0,6.0,13.2,12.6,12.6,12.0,13.8,0.01,3.7,2.25,0.01,2.0,0.01,10.0
2022-10-01,5.6,5.0,12.9,10.2,10.2,8.4,12.0,12.5,7.4,6.05,4.0,4.0,4.0,5.1,12.5
2022-10-02,16.25,8.2,12.6,6.0,13.8,16.8,16.2,19.5,2.35,4.2,4.0,8.0,2.25,2.0,12.3
2022-10-03,16.65,2.5,3.6,3.6,15.0,9.0,7.8,13.4,3.7,3.7,4.0,6.0,4.0,6.25,2.5
2022-10-04,13.0,7.5,7.2,4.8,4.2,11.4,12.0,9.65,5.55,5.55,3.0,4.0,2.0,6.0,5.0
2022-10-05,6.5,0.01,5.4,3.0,9.0,15.0,0.01,9.75,3.7,3.7,6.0,4.25,0.01,6.25,7.5
2022-10-06,10.15,5.0,8.4,4.8,12.0,17.4,0.01,13.4,1.85,0.01,6.25,2.0,4.0,4.0,7.5
2022-10-07,3.25,2.5,12.0,3.6,7.8,10.2,0.01,9.75,2.1,3.95,4.0,2.0,2.0,0.01,10.35
2022-10-08,6.5,7.5,7.2,15.0,15.0,14.7,0.01,12.1,3.95,3.7,4.25,6.0,8.0,12.0,15.0
2022-10-09,20.3,15.0,5.4,15.0,14.4,14.4,0.01,25.1,3.7,3.7,2.0,0.01,0.01,6.0,13.85
2022-10-10,17.05,5.35,8.4,16.8,15.6,18.0,0.01,13.8,3.05,5.8,8.5,4.5,8.5,8.5,18.2
2022-10-11,0.01,5.0,1.8,3.6,7.2,10.8,0.01,0.01,1.85,1.85,4.25,0.01,0.01,6.0,7.5
2022-10-12,12.1,5.0,16.8,10.8,12.0,0.01,0.01,13.0,5.55,1.85,8.0,6.0,8.0,2.0,2.5
2022-10-13,0.01,10.0,0.01,0.01,3.0,7.8,9.6,0.01,3.7,2.8,0.01,0.01,2.25,2.25,5.35
2022-10-14,9.25,12.5,10.2,13.2,15.0,21.0,24.0,20.3,3.7,0.01,12.5,10.25,6.0,6.0,15.0
2022-10-15,3.25,0.01,10.8,2.4,1.8,3.6,8.4,6.5,1.85,6.75,8.25,8.25,6.25,2.0,2.5
2022-10-16,6.75,12.5,6.0,13.2,12.6,12.6,23.6,23.95,5.55,3.7,5.35,6.0,6.0,4.5,15.7
2022-10-17,10.0,10.0,10.5,15.0,24.0,16.8,20.4,14.25,1.85,1.85,8.0,8.0,7.05,6.5,13.9
2022-10-18,6.5,2.5,1.8,1.8,1.8,1.8,4.8,5.6,0.01,0.01,0.01,0.01,0.01,0.01,0.01
2022-10-19,12.9,10.35,9.6,10.2,6.6,13.8,16.8,14.2,0.01,7.9,4.25,6.0,4.0,6.0,11.05
2022-10-20,0.01,0.01,1.8,0.01,5.4,3.6,4.2,0.01,3.7,7.4,0.01,0.01,2.0,0.01,5.0
2022-10-21,10.15,7.5,6.0,6.0,10.8,15.24,17.4,9.75,2.1,3.7,4.0,4.0,4.0,2.25,4.1
2022-10-22,23.15,10.35,21.3,25.2,18.6,22.8,21.9,32.9,11.6,6.4,9.35,4.0,4.0,2.0,12.85
2022-10-23,19.5,5.35,13.8,12.0,9.0,15.6,13.8,13.4,5.55,4.65,8.25,6.0,2.0,10.25,12.85
2022-10-24,13.8,7.85,10.2,8.4,3.6,18.6,19.8,9.75,4.2,6.05,4.0,0.01,10.5,10.75,9.45
2022-10-25,12.5,7.5,10.2,5.4,14.4,13.2,16.2,10.15,1.85,1.85,8.25,6.0,8.0,8.0,10.0
2022-10-26,9.65,2.5,4.8,5.4,6.0,16.2,15.6,10.95,0.01,0.01,0.01,4.25,0.01,4.0,15.35
2022-10-27,0.01,2.5,1.8,3.6,9.6,6.6,16.8,9.75,1.85,5.55,6.0,6.0,0.01,4.0,5.0
2022-10-28,10.55,3.2,3.6,3.6,5.4,12.0,14.4,6.5,1.85,3.7,8.25,4.0,0.01,2.0,11.0
2022-10-29,13.4,7.5,9.6,7.2,12.6,15.0,23.4,17.75,5.8,5.8,6.0,6.0,0.01,2.0,11.95
2022-10-30,17.45,13.5,10.2,11.4,22.8,16.2,16.2,19.9,7.4,7.4,8.25,6.25,0.01,6.25,7.5
2022-10-31,1.75,5.0,7.8,15.6,13.8,7.8,11.4,18.6,2.35,7.9,4.0,4.25,0.01,8.5,10.0
2022-11-01,9.75,6.6,6.0,3.6,4.8,15.6,17.4,13.0,0.01,1.85,0.01,2.0,0.01,2.0,6.0
2022-11-02,6.5,5.0,9.0,4.8,5.4,3.6,11.4,6.5,0.01,0.01,4.0,4.0,0.01,6.0,7.5
2022-11-03,10.15,2.85,8.4,6.0,15.0,19.2,15.6,16.65,3.7,3.7,4.0,9.35,2.0,3.8,7.5
2022-11-04,13.4,10.0,12.6,13.2,18.0,24.6,22.8,13.4,7.4,7.4,8.25,8.25,6.0,5.1,12.85
2022-11-05,19.9,7.85,16.2,24.0,22.8,21.0,15.3,23.15,9.25,11.1,8.0,2.0,4.25,4.25,10.35
2022-11-06,9.75,7.5,7.2,10.8,15.6,27.6,23.4,22.75,3.95,3.7,6.25,4.0,6.0,6.0,14.1
2022-11-07,15.35,6.6,3.6,4.2,15.0,19.8,19.8,16.25,4.2,0.01,4.0,2.0,4.5,6.5,13.2
2022-11-08,4.05,2.85,10.8,5.4,6.0,6.0,13.2,9.75,5.8,3.95,2.0,0.01,4.0,2.0,5.7
2022-11-09,2.55,5.0,1.8,7.2,6.6,8.7,10.2,7.3,3.7,1.85,2.25,4.5,4.0,4.0,5.0
2022-11-10,3.25,7.5,6.0,3.0,10.8,5.4,7.2,6.5,0.01,3.7,0.01,2.0,0.01,2.0,5.0
2022-11-11,13.8,19.25,19.8,21.6,12.05,22.2,12.0,19.5,5.55,7.65,11.35,12.5,10.5,8.5,16.05
2022-11-12,22.75,10.0,5.4,18.6,18.0,23.4,18.0,22.75,1.85,2.1,4.0,4.0,2.0,2.0,16.6
2022-11-13,13.4,10.0,28.2,19.2,15.0,19.2,13.2,13.4,10.7,13.7,9.6,3.1,10.5,12.25,10.0
2022-11-14,6.5,10.0,3.6,7.8,12.0,12.6,4.8,16.25,1.85,0.95,2.0,0.01,0.01,4.0,10.0
2022-11-15,16.65,7.85,12.0,7.8,9.0,15.0,18.6,13.4,1.85,0.01,7.6,0.01,8.25,8.25,10.35
2022-11-16,3.25,0.01,0.01,1.8,1.8,5.4,5.4,3.25,0.01,3.7,2.0,0.01,0.01,0.01,2.5
2022-11-17,3.25,5.0,6.6,7.2,8.4,7.8,4.8,9.75,0.01,1.85,6.0,0.01,4.0,8.0,5.0
2022-11-18,19.5,15.0,11.4,20.4,18.6,19.2,17.4,19.5,7.4,1.85,10.0,0.01,6.0,6.0,17.5
2022-11-19,9.75,2.5,8.4,6.6,8.4,9.3,19.8,13.0,1.85,1.85,3.1,0.01,8.0,10.0,15.0
2022-11-20,22.75,9.8,8.4,21.0,19.2,28.8,22.2,22.75,10.45,15.55,8.5,0.01,6.0,8.0,8.2
2022-11-21,10.15,2.5,2.4,6.0,7.8,12.0,9.0,13.4,3.95,2.35,4.25,4.5,4.75,4.5,2.5
2022-11-22,13.8,10.0,10.8,10.2,14.4,16.2,16.4,20.3,2.8,7.4,6.5,10.25,6.0,4.0,12.5
2022-11-23,13.0,7.5,0.01,9.0,9.6,13.8,12.0,9.75,1.85,1.85,2.0,2.0,0.01,2.0,5.0
2022-11-24,3.25,7.85,8.4,7.2,18.0,4.8,13.2,6.5,9.25,11.1,6.0,4.0,8.0,4.0,7.3
2022-11-25,19.9,2.5,8.4,9.0,11.4,15.6,27.9,13.8,3.7,0.01,2.0,2.0,6.0,6.0,10.0
2022-11-26,23.15,10.0,19.8,16.8,15.6,17.4,21.0,18.1,2.1,1.85,8.0,6.0,6.5,8.5,15.7
2022-11-27,13.8,0.01,6.0,8.7,15.0,21.6,25.2,17.05,2.1,5.8,8.25,4.0,4.0,4.0,10.7
2022-11-28,9.75,7.5,3.0,6.3,6.0,17.4,15.6,9.75,3.7,5.55,3.1,2.0,4.0,2.0,5.0
2022-11-29,9.75,2.5,4.5,11.4,1.8,7.8,15.6,9.75,1.85,3.7,2.0,2.0,4.0,4.0,7.2
2022-11-30,6.5,5.0,4.8,7.2,7.2,14.4,11.4,11.5,0.01,4.9,4.0,4.0,6.5,8.5,7.5
2022-12-01,6.5,2.85,2.7,16.2,10.8,1.8,3.6,6.5,1.85,3.7,4.0,6.0,4.0,0.01,5.7
2022-12-02,13.4,10.0,18.0,20.4,21.0,8.4,7.5,19.9,5.55,5.55,4.5,6.0,6.0,4.0,15.0
2022-12-03,30.05,5.0,19.2,4.2,22.8,31.8,25.8,22.45,5.8,6.15,4.0,2.0,6.0,8.0,26.05
2022-12-04,22.25,17.5,30.0,10.8,18.6,21.6,27.0,31.15,5.55,5.55,14.75,7.35,10.25,10.5,20.7
2022-12-05,6.0,5.0,1.8,0.01,9.6,6.6,12.6,13.0,2.1,3.95,2.25,4.0,2.0,0.01,5.35
2022-12-06,6.4,0.01,4.8,0.01,5.4,10.2,13.2,10.55,0.01,0.01,2.0,0.01,0.01,4.0,5.0
2022-12-07,0.01,2.5,1.8,0.01,3.6,3.6,3.0,6.5,3.7,1.85,2.0,0.01,0.01,0.01,0.01
2022-12-08,6.5,2.5,5.4,1.8,6.6,11.4,12.0,9.75,1.85,3.7,2.0,2.0,7.1,4.0,5.0
2022-12-09,13.0,7.5,18.9,5.4,17.4,20.4,20.4,23.55,3.7,9.25,6.25,10.75,6.75,8.25,7.5
2022-12-10,34.1,13.55,28.2,12.0,21.6,22.2,30.6,20.3,7.4,8.5,11.1,10.75,8.0,6.0,12.85
2022-12-11,38.5,22.5,9.6,37.8,45.0,37.2,37.8,45.8,8.15,7.0,17.1,18.0,10.0,13.35,30.7
2022-12-12,0.01,0.01,0.01,0.01,2.4,2.4,2.4,0.01,0.01,0.01,0.01,0.01,0.01,0.01,0.01
2022-12-13,0.01,0.01,0.01,0.01,0.01,0.01,0.01,0.01,0.01,0.01,0.01,0.01,0.01,0.01,0.01
2022-12-14,0.01,0.01,0.01,0.01,0.01,0.01,0.01,0.01,0.01,0.01,0.01,0.01,0.01,0.01,0.01
2022-12-15,0.01,0.01,0.01,0.01,0.01,0.01,0.01,0.01,0.01,0.01,0.01,0.01,0.01,0.01,0.01
2022-12-16,0.01,0.01,0.01,0.01,0.01,0.01,0.01,0.01,0.01,0.01,0.01,0.01,0.01,0.01,0.01
2022-12-17,13.4,13.9,18.0,13.5,9.6,6.0,1.8,10.95,2.1,2.1,7.0,2.5,4.5,2.0,9.6
2022-12-18,14.45,12.5,21.6,14.4,25.8,26.4,28.8,29.25,2.1,2.1,6.0,6.0,6.5,6.25,17.85
2022-12-19,16.15,7.5,16.2,15.6,24.0,20.4,21.7,19.9,5.8,7.65,8.0,10.75,6.25,7.0,21.75
2022-12-20,6.5,5.7,14.4,9.6,11.4,16.2,21.0,11.5,2.35,5.55,5.1,8.0,6.0,6.0,10.0
2022-12-21,10.55,8.2,1.8,7.8,9.6,9.0,12.6,10.55,2.35,4.2,2.5,6.5,4.5,2.5,8.2
2022-12-22,6.5,5.7,6.0,1.8,5.4,19.8,15.0,8.85,1.85,7.4,2.0,0.01,8.0,10.0,9.1
2022-12-23,13.8,7.5,7.8,8.4,10.2,12.6,15.0,16.65,1.85,3.7,8.0,8.25,4.0,6.25,10.35
2022-12-24,16.25,9.45,13.2,18.6,17.4,21.0,16.2,23.15,1.85,9.25,8.25,8.25,6.0,18.25,17.5
2022-12-25,0.01,0.01,0.01,1.8,5.4,7.2,8.4,6.5,0.01,0.01,2.0,2.0,6.25,6.25,2.85
2022-12-26,3.25,2.5,11.4,6.6,3.6,11.4,8.4,13.4,0.01,1.85,6.25,6.0,4.5,2.5,9.1
2022-12-27,16.65,7.5,11.4,6.6,10.2,28.2,15.0,19.9,0.01,5.9,12.75,8.5,6.75,6.75,11.95
2022-12-28,2.35,5.0,3.0,4.2,6.6,4.8,6.0,6.5,1.85,3.7,0.01,0.01,0.01,0.01,5.0
2022-12-29,16.25,13.2,18.6,25.8,22.8,16.8,22.2,25.5,3.7,5.55,6.25,6.75,5.25,6.75,12.5
2022-12-30,21.75,10.0,10.2,18.6,18.0,19.2,29.7,22.75,3.7,5.55,2.0,4.0,6.0,8.0,17.5
2022-12-31,29.25,14.0,20.1,27.0,24.0,31.5,31.5,26.0,7.4,12.95,16.75,8.25,12.2,8.0,21.35
2023-01-01,6.5,7.5,7.8,6.9,9.6,16.2,10.8,13.0,1.85,0.01,0.01,2.0,6.25,2.0,10.0
2023-01-02,19.5,7.5,16.2,18.6,14.7,28.2,25.8,22.75,3.7,3.95,8.0,10.25,8.25,8.25,17.3
2023-01-03,7.3,5.0,7.8,6.0,5.4,16.2,2.1,3.65,1.85,5.15,6.5,2.0,2.0,2.0,7.5
2023-01-04,10.15,4.45,1.8,8.1,13.8,15.0,10.2,10.15,7.65,7.65,4.5,4.5,10.75,8.5,9.1
2023-01-05,0.01,0.01,0.01,0.01,6.6,6.0,7.8,3.25,0.01,1.85,2.0,4.0,0.01,2.0,7.5
2023-01-06,9.75,5.0,4.8,3.6,12.6,8.4,12.6,9.75,3.7,5.55,6.0,8.0,2.0,2.0,2.5
2023-01-07,0.01,7.85,5.4,8.4,12.0,22.5,16.8,12.1,7.4,3.7,6.0,2.0,0.01,8.25,13.2
2023-01-08,20.2,10.0,14.4,11.4,18.0,22.2,18.0,17.05,1.85,3.7,4.0,4.25,2.0,4.0,18.9
2023-01-09,3.25,5.0,8.4,7.2,2.4,11.4,14.4,9.75,3.95,5.55,0.01,4.25,4.5,4.0,6.6
2023-01-10,10.95,7.85,10.2,6.6,7.8,11.4,9.6,13.8,0.01,2.35,0.01,4.25,8.25,6.25,6.7
2023-01-11,10.15,10.0,6.6,9.0,9.0,18.9,9.6,12.3,4.65,5.55,0.01,6.0,8.5,6.5,7.5
2023-01-12,13.85,0.01,7.2,4.8,9.6,11.4,5.4,3.25,3.7,3.7,0.01,4.25,2.0,2.0,0.01
2023-01-13,9.75,5.0,5.4,9.0,14.4,10.2,15.6,23.15,1.85,5.55,0.01,0.01,10.5,6.0,10.0
2023-01-14,19.5,10.0,4.2,12.3,22.8,33.0,30.6,26.8,6.05,3.3,0.01,0.01,16.25,10.75,23.2
2023-01-15,9.75,5.0,12.0,9.6,0.6,19.8,8.4,17.05,5.55,4.2,4.25,0.01,8.5,4.25,7.85
2023-01-16,15.75,7.6,20.4,13.8,15.0,19.5,21.6,23.15,5.55,5.55,6.25,0.01,6.0,6.0,17.5
2023-01-17,0.01,0.01,1.8,1.8,0.01,6.6,4.8,10.15,0.95,1.85,2.25,2.25,0.01,0.01,5.7
2023-01-18,11.9,5.0,7.8,13.2,12.0,13.8,13.8,13.8,1.85,4.2,4.25,6.25,4.25,10.75,18.55
2023-01-19,6.5,5.35,1.8,2.4,8.4,9.9,13.2,6.5,2.1,3.95,2.0,2.0,0.01,0.01,2.5
2023-01-20,13.0,5.0,13.2,6.6,8.4,12.0,10.8,9.75,0.01,5.55,0.01,4.25,4.0,6.0,7.85
2023-01-21,10.95,2.5,3.0,5.4,9.6,12.6,10.8,17.05,7.4,5.55,6.0,4.0,4.5,4.0,2.5
2023-01-22,25.5,9.1,16.2,22.8,30.6,40.8,18.6,25.5,7.65,9.5,15.35,11.1,5.1,14.25,17.85
2023-01-23,20.9,5.0,1.8,10.2,24.6,24.6,30.0,25.9,2.1,5.8,4.0,2.0,4.25,6.25,7.5
2023-01-24,3.25,5.0,0.01,3.0,4.8,10.8,7.2,6.5,0.01,0.01,0.01,0.01,2.0,2.25,5.0
2023-01-25,3.25,0.01,5.4,7.2,5.4,18.6,10.8,13.8,2.1,1.85,4.25,6.5,10.25,14.5,8.55
2023-01-26,4.7,5.0,3.6,1.8,6.0,12.6,5.4,6.5,0.01,0.01,2.0,0.01,2.0,2.0,5.0
2023-01-27,9.75,7.5,13.2,12.0,8.4,10.8,13.8,19.9,7.4,7.75,6.25,2.25,2.0,4.0,7.5
2023-01-28,18.6,10.0,10.2,17.4,19.2,18.6,12.3,23.55,3.7,1.85,4.0,6.5,6.5,10.5,11.7
2023-01-29,17.45,15.7,19.2,16.2,3.0,21.0,18.6,19.9,5.55,5.55,4.25,0.01,2.25,2.0,18.2
2023-01-30,3.25,2.5,3.0,1.8,11.4,11.4,6.0,6.9,1.85,2.1,0.01,2.25,4.0,2.0,5.0
2023-01-31,3.25,5.0,14.4,13.2,6.0,1.8,4.2,6.5,1.85,1.85,4.0,4.0,2.0,4.0,5.0
2023-02-01,13.4,2.85,3.6,13.8,10.8,25.8,22.2,16.25,3.7,3.7,4.0,4.0,8.5,8.5,2.5
2023-02-02,11.9,7.5,10.2,5.4,9.0,18.6,10.5,12.5,3.95,3.7,6.0,6.25,4.25,4.0,10.0
2023-02-03,19.5,15.0,14.4,20.4,13.8,18.3,25.8,22.75,2.8,7.4,10.0,8.5,8.0,8.25,12.5
2023-02-04,17.05,3.2,6.6,15.6,13.8,18.0,17.4,16.25,1.85,5.55,4.0,6.0,8.0,6.5,18.4
2023-02-05,17.05,8.2,11.1,9.0,11.4,22.2,15.6,21.1,5.55,3.7,6.25,2.0,0.01,4.0,8.2
2023-02-06,13.0,5.7,1.8,0.01,4.2,10.8,9.6,13.0,0.01,0.01,2.25,2.25,4.25,4.75,3.2
2023-02-07,6.9,5.35,0.01,4.8,4.8,10.8,6.6,6.5,2.1,2.1,0.01,4.0,2.0,2.0,1.6
2023-02-08,3.25,2.5,0.01,1.8,2.4,7.2,1.8,0.01,1.85,1.85,2.5,2.5,2.5,2.25,2.5
2023-02-09,19.5,5.0,17.6,10.8,13.8,23.1,19.2,23.15,0.01,3.7,12.0,8.0,6.0,4.0,5.0
2023-02-10,9.75,7.5,8.4,6.0,5.4,6.6,11.4,9.75,1.85,5.55,4.0,3.1,2.0,6.0,5.0
2023-02-11,13.4,5.0,7.2,6.0,12.6,18.0,16.8,13.0,3.7,5.55,4.25,0.01,6.0,10.25,10.35
2023-02-12,16.25,10.0,16.2,12.6,15.0,17.4,15.0,18.0,3.7,5.8,8.0,4.0,6.0,4.0,20.0
2023-02-13,9.75,2.5,1.8,5.4,10.8,15.0,11.4,12.9,6.05,3.7,9.5,4.5,0.01,2.0,5.0
2023-02-14,0.01,0.01,0.01,0.01,5.4,7.8,3.6,0.01,1.85,1.85,0.01,0.01,2.0,2.0,5.0
2023-02-15,9.75,2.5,6.0,7.8,7.2,4.8,6.0,9.75,1.85,5.55,0.01,0.01,0.01,3.85,5.0
2023-02-16,10.15,5.0,6.6,10.2,12.0,13.8,20.4,10.55,0.01,1.85,2.5,4.25,8.0,5.1,15.7
2023-02-17,17.05,12.5,5.4,14.4,13.2,12.0,24.0,20.3,1.85,3.7,10.25,6.0,4.0,6.0,10.0
2023-02-18,10.55,6.6,11.4,8.4,8.4,24.6,10.8,4.05,7.4,9.25,4.0,4.0,2.0,2.0,7.5
2023-02-19,13.0,0.01,20.4,12.0,5.4,25.5,10.5,16.05,7.65,8.65,6.0,4.25,6.25,4.0,7.5
2023-02-20,13.0,9.1,10.8,14.4,16.2,22.8,15.0,19.5,9.5,7.65,5.1,10.0,6.0,6.0,15.0
2023-02-21,6.5,2.5,10.8,10.8,7.8,6.0,12.6,14.2,0.01,1.85,2.0,2.0,4.0,2.0,4.1
2023-02-22,0.01,0.01,5.4,3.6,1.8,6.6,4.8,6.5,1.85,2.1,4.0,2.0,2.0,2.0,4.1
2023-02-23,7.3,9.8,13.2,8.4,4.8,14.4,6.0,6.9,1.85,3.7,2.0,4.5,4.5,7.6,5.35
2023-02-24,14.6,10.35,20.4,12.6,6.0,16.2,13.2,24.35,0.01,9.5,8.25,6.25,0.01,0.01,8.2
2023-02-25,19.5,5.0,9.6,12.0,18.0,24.0,18.6,13.0,3.7,3.7,6.0,10.0,4.0,10.0,11.6
2023-02-26,19.5,10.35,19.5,12.6,12.6,25.5,10.8,27.2,7.0,9.75,6.25,2.0,0.01,0.01,16.05
2023-02-27,9.75,5.0,5.4,10.2,9.0,0.01,1.8,6.5,0.01,0.01,0.01,0.01,2.0,4.0,5.0
2023-02-28,6.9,11.05,13.8,10.8,7.8,6.0,0.01,10.15,0.01,3.3,4.25,2.25,2.25,2.25,8.55
2023-03-01,8.85,2.85,7.2,11.4,11.4,16.8,6.6,16.25,0.01,1.85,4.0,4.0,2.0,2.0,10.0
2023-03-02,7.3,7.5,11.4,9.6,5.4,18.0,10.8,7.3,4.2,7.4,6.5,4.0,4.5,6.0,18.2
2023-03-03,12.1,14.45,15.6,9.6,21.0,24.6,20.4,13.0,0.01,5.55,8.0,8.25,8.25,6.25,10.35
2023-03-04,13.8,6.4,1.2,7.8,13.2,19.2,13.8,6.5,0.7,5.55,6.0,8.0,6.5,7.35,10.35
2023-03-05,20.7,1.0,13.8,12.0,7.2,10.2,20.4,13.4,0.01,3.7,6.25,4.25,4.0,6.0,7.5
2023-03-06,6.5,0.01,8.4,11.4,7.2,7.2,7.2,6.5,2.2,3.7,6.0,6.0,4.0,4.0,5.0
2023-03-07,6.5,2.85,3.0,3.0,7.8,9.9,11.4,6.5,3.95,3.95,0.01,2.0,2.0,2.0,5.0
2023-03-08,7.3,5.35,5.4,8.4,10.2,13.2,10.2,3.25,2.1,5.8,9.0,6.25,6.25,8.75,8.55
2023-03-09,8.85,10.0,6.0,8.4,13.8,12.0,11.4,19.0,3.7,3.7,6.5,4.0,4.0,4.0,10.0
2023-03-10,12.9,5.0,13.5,16.2,13.2,21.6,13.8,22.65,3.7,4.65,8.25,4.5,4.25,4.5,16.05
2023-03-11,26.4,12.5,17.4,21.0,17.4,21.0,21.6,29.25,3.95,3.7,4.5,2.0,2.0,6.0,20.0
2023-03-12,16.65,5.0,25.2,24.3,10.2,15.6,10.8,10.15,4.3,4.2,12.5,8.25,6.25,6.25,18.2
2023-03-13,13.8,0.01,6.0,9.0,4.8,9.0,0.01,0.01,4.2,3.95,2.0,0.01,2.0,2.0,9.8
2023-03-14,6.5,5.0,10.2,1.8,10.2,10.5,0.01,6.5,3.7,3.7,4.0,4.0,4.0,2.0,5.0
2023-03-15,14.2,11.4,9.0,15.0,18.6,13.8,0.01,6.5,1.85,1.85,6.5,4.75,4.25,7.0,8.55
2023-03-16,6.5,10.0,10.8,12.0,9.0,11.4,0.01,6.5,1.85,3.7,2.5,2.5,4.0,2.5,7.5
2023-03-17,13.0,7.5,14.4,10.8,13.8,16.2,7.2,21.1,1.85,7.4,8.25,4.0,4.0,0.01,8.2
2023-03-18,10.95,14.25,12.0,12.6,15.6,11.7,18.0,21.1,0.01,6.05,9.75,9.0,9.75,8.25,17.45
2023-03-19,20.3,0.01,7.2,7.8,18.3,26.4,25.2,23.95,4.2,6.05,10.0,6.25,6.25,4.25,10.0
2023-03-20,19.2,4.45,16.8,6.0,9.0,16.8,13.2,13.8,2.35,2.1,8.0,4.0,6.0,4.0,10.0
2023-03-21,6.9,2.5,1.8,7.2,4.2,3.0,4.8,3.25,3.7,3.7,0.01,0.01,2.0,2.0,2.5
2023-03-22,3.25,2.5,0.01,3.0,1.2,9.0,4.8,6.5,1.85,1.85,0.01,0.01,0.01,0.01,5.0
2023-03-23,23.55,15.7,10.8,17.1,21.6,19.8,15.6,23.95,3.7,5.55,6.75,8.0,8.0,6.0,16.15
2023-03-24,6.5,2.5,6.0,5.4,9.0,8.4,10.2,6.5,5.55,9.25,2.0,0.01,4.0,0.01,7.5
2023-03-25,5.6,15.0,17.4,16.8,16.8,21.0,17.4,9.75,7.65,9.25,6.0,6.0,10.0,12.0,11.6
2023-03-26,21.85,12.5,18.0,11.4,25.2,26.4,25.2,26.0,2.35,4.2,12.25,10.25,4.25,8.25,21.05
2023-03-27,6.5,8.2,10.2,5.4,10.2,9.6,0.01,13.8,1.85,1.85,6.5,2.0,6.75,2.25,2.5
2023-03-28,16.55,8.2,5.4,1.8,14.4,20.4,16.8,14.6,1.85,1.85,8.75,4.0,7.0,8.0,9.2
2023-03-29,13.8,7.5,0.01,7.2,14.4,9.0,9.9,10.55,1.85,3.7,4.0,4.0,2.0,0.01,7.5
2023-03-30,9.75,2.5,1.8,3.6,6.6,12.6,9.6,9.75,0.01,3.7,4.0,2.0,4.0,2.0,7.5
2023-03-31,3.25,5.0,14.4,4.8,4.2,7.8,12.6,6.5,3.7,2.8,2.0,2.25,8.5,6.25,10.35
2023-04-01,6.9,5.7,11.1,7.8,8.4,4.8,7.8,9.75,1.45,6.05,0.01,6.5,2.0,2.0,5.0
2023-04-02,25.55,10.7,8.4,9.6,13.8,20.4,30.0,23.15,1.85,2.35,0.01,12.5,8.5,4.5,15.6
2023-04-03,10.55,0.01,8.4,9.6,4.8,7.8,12.0,13.8,1.85,4.65,0.01,2.5,6.0,6.0,5.0
2023-04-04,3.25,2.5,0.01,0.01,2.4,8.4,6.6,3.25,0.01,3.7,2.0,2.0,0.01,0.01,0.01
2023-04-05,6.9,6.6,2.4,4.2,12.0,9.6,5.4,17.05,1.85,1.85,4.25,6.25,4.5,4.5,10.7
2023-04-06,9.75,2.5,10.2,10.2,13.2,9.3,4.2,16.25,0.01,3.7,4.0,0.01,2.0,2.0,5.0
2023-04-07,8.65,10.7,10.8,12.0,10.2,7.8,7.2,13.4,1.85,2.2,6.0,2.0,0.01,2.25,10.35
2023-04-08,9.75,15.0,8.4,19.8,9.3,18.6,16.8,16.25,3.7,1.85,6.0,6.0,6.0,8.0,15.0
2023-04-09,14.4,5.0,10.5,9.6,16.2,25.2,13.8,17.05,5.55,1.85,10.5,8.75,6.5,4.75,10.0
2023-04-10,10.55,8.2,12.0,10.8,1.8,6.0,12.0,10.55,4.55,6.55,4.5,2.5,0.01,2.0,7.5
2023-04-11,9.75,2.85,6.6,9.0,15.6,19.2,9.6,13.4,3.7,5.55,4.0,2.0,2.0,6.25,9.45
2023-04-12,0.01,2.5,0.01,3.0,7.2,7.2,7.8,3.25,5.55,3.7,0.01,2.0,0.01,4.0,5.0
2023-04-13,6.9,5.0,12.6,7.8,12.6,6.6,9.6,13.4,1.85,2.8,4.5,6.75,4.2,8.25,10.35
2023-04-14,0.01,2.5,4.8,3.6,10.2,11.4,10.8,6.5,5.55,5.8,2.0,4.0,4.0,2.0,7.5
2023-04-15,13.0,5.0,14.4,5.4,12.0,10.2,10.2,13.0,3.95,5.8,6.25,2.0,2.0,4.0,8.2
2023-04-16,18.6,9.2,21.0,19.8,15.6,19.2,21.6,16.25,8.15,1.85,10.5,8.5,9.0,8.1,15.7
2023-04-17,3.25,7.5,6.6,0.01,5.4,9.0,6.6,7.3,6.4,3.95,4.75,2.5,2.0,2.0,5.0
2023-04-18,9.75,2.5,7.2,6.6,9.6,12.6,9.6,15.75,3.7,3.7,8.25,4.25,4.25,2.25,5.7
2023-04-19,9.7,8.55,7.2,7.8,9.6,18.6,19.8,14.2,1.85,2.35,4.5,4.0,8.75,10.75,11.05
2023-04-20,13.0,10.0,14.4,15.0,16.2,17.4,9.0,15.35,0.01,0.01,4.0,4.0,6.25,6.25,10.35
2023-04-21,3.25,7.5,6.0,6.6,3.6,7.2,9.0,10.55,2.8,3.7,2.0,0.01,0.01,0.01,7.5
2023-04-22,3.65,10.0,8.4,5.4,10.8,10.2,6.6,6.9,1.85,1.85,0.01,2.0,2.0,10.25,6.95
2023-04-23,16.25,7.5,13.2,12.0,12.3,16.2,8.4,9.75,2.8,3.7,6.25,2.0,6.25,4.0,10.0
2023-04-24,16.25,7.5,8.4,15.0,15.6,16.8,17.4,16.65,5.55,5.8,10.0,6.25,4.25,8.25,10.0
2023-04-25,3.25,0.01,3.6,1.8,6.0,7.2,13.5,13.0,3.95,5.55,0.01,2.0,0.01,0.01,2.5
2023-04-26,0.01,7.85,3.6,5.4,5.4,10.2,15.6,3.25,1.85,3.7,6.0,6.0,3.0,4.0,10.7
2023-04-27,9.75,2.5,6.6,1.8,0.01,7.8,6.6,13.0,0.01,1.85,2.0,2.25,4.25,2.25,0.01
2023-04-28,6.5,5.0,9.6,9.0,11.4,11.1,6.6,6.5,2.8,1.85,4.0,4.0,6.0,8.0,10.0
2023-04-29,9.75,5.0,7.2,4.8,9.6,18.0,6.6,13.0,3.7,3.7,2.0,4.0,2.0,4.0,10.0
2023-04-30,17.85,14.8,16.2,22.2,14.4,24.6,16.2,14.2,2.1,5.8,4.0,8.75,8.75,10.75,21.75
2023-05-01,7.3,2.5,5.4,3.0,7.2,11.4,9.6,17.05,0.01,3.7,4.25,0.01,0.01,4.0,5.0
2023-05-02,10.55,5.0,7.2,9.6,9.6,10.2,4.8,13.4,3.7,1.85,0.01,3.1,8.0,8.0,5.0
2023-05-03,6.0,5.0,5.4,9.6,7.2,10.8,12.6,10.95,1.85,1.85,6.25,6.25,2.25,6.25,5.0
2023-05-04,16.25,5.7,10.8,9.6,18.6,17.1,13.2,17.05,3.7,3.7,6.0,4.0,6.0,4.0,6.7
2023-05-05,13.4,10.0,13.2,13.8,18.0,18.6,3.0,17.05,0.01,3.7,6.25,4.0,6.0,10.25,18.85
2023-05-06,15.65,7.5,21.6,15.6,22.8,22.2,1.8,17.05,5.55,3.7,8.25,3.0,8.5,6.0,10.2
2023-05-07,17.05,12.85,16.8,19.2,18.0,16.2,4.2,24.75,0.01,5.8,4.5,2.0,5.35,7.8,10.35
2023-05-08,3.25,9.2,10.2,10.8,9.6,27.0,3.6,7.3,3.7,2.7,4.5,4.25,6.5,12.75,10.7
2023-05-09,6.5,7.5,3.6,4.2,8.4,13.2,0.01,9.75,3.95,5.8,6.25,0.01,2.0,2.0,0.01
2023-05-10,3.25,5.35,6.0,7.8,11.4,11.4,3.0,9.75,0.01,0.01,2.25,2.25,4.25,2.25,7.5
2023-05-11,3.25,2.5,1.8,4.2,7.5,12.0,0.01,6.5,0.01,1.85,2.0,2.0,8.0,6.0,2.5
2023-05-12,9.75,10.0,9.0,9.0,12.0,12.0,3.6,10.55,1.85,1.85,4.0,6.5,4.0,4.0,10.7
2023-05-13,10.15,8.2,13.8,15.6,9.6,12.0,9.0,12.5,0.6,2.35,8.75,8.25,4.5,6.0,8.55
2023-05-14,19.9,1.0,10.8,12.0,28.8,27.0,3.6,20.3,3.7,7.9,8.25,2.0,4.0,2.0,10.35
2023-05-15,0.01,0.01,0.01,0.01,0.01,0.01,0.01,0.01,0.01,0.01,0.01,0.01,0.01,0.01,0.01
